segment,index,x_m,y_m,z_m,qx,qy,qz,qw,spray_on
left_side_row_00,0,-1.720235622661808,3.729570784222644,0.4056261312867585,0.616788897604644,0.06344432114763415,0.07645846604782904,0.780833129980649,1
left_side_row_00,1,-1.6616015738180545,3.741394117271406,0.40534134093645824,0.6167889040314138,0.06344425866824459,0.07645854514454589,0.7808331222355668,1
left_side_row_00,2,-1.602967305842383,3.7532176020889914,0.40505654928228946,0.6167889068316817,0.06344423144474808,0.07645857960853762,0.78083311886088,1
left_side_row_00,3,-1.5443330209851451,3.765040968898815,0.40477175781644487,0.6167889036183115,0.0634442626843202,0.076458540060335,0.7808331227334087,1
left_side_row_00,4,-1.4856988710162162,3.77686443683587,0.40448696672004825,0.6167889040314138,0.06344425866824459,0.07645854514454589,0.7808331222355668,1
left_side_row_00,5,-1.4270647041657205,3.7886877867651627,0.4042021758119758,0.6167889797738243,0.06344352231552695,0.07645947734115138,0.7808330309550706,1
left_side_row_00,6,-1.3684522674799604,3.8005286357927153,0.4040024687946198,0.5661761874810819,0.25308140681927244,-0.17133365413024604,0.7655319099907867,1
left_side_row_00,7,-1.2491596515699044,3.5003051511935936,0.4682132241280628,0.7044000567787144,0.051754494384975626,0.04852576514157262,0.7062487397783619,1
left_side_row_00,8,-1.234223371267464,3.817299769830922,0.46763860148556463,0.7046463810985701,0.05180336818661428,0.048582493422047415,0.7059954886414695,1
left_side_row_00,9,-1.175107539558097,3.8257561222869305,0.467359183841552,0.7046463810985701,0.05180336818661428,0.048582493422047415,0.7059954886414695,1
left_side_row_00,10,-1.1159915898419874,3.83421249162347,0.4670797656397673,0.7046463810985701,0.05180336818661428,0.048582493422047415,0.7059954886414695,1
left_side_row_00,11,-1.05687575813262,3.842668844079479,0.46680034799575465,0.7046463810985701,0.05180336818661428,0.048582493422047415,0.7059954886414695,1
left_side_row_00,12,-0.9977598084165106,3.8511252134160183,0.46652092979396986,0.7046463810985701,0.05180336818661428,0.048582493422047415,0.7059954886414695,1
left_side_row_00,13,-0.9386439767071436,3.859581565872027,0.46624151214995724,0.7046463810985701,0.05180336818661428,0.048582493422047415,0.7059954886414695,1
left_side_row_00,14,-0.8795280269910338,3.8680379352085663,0.46596209394817245,0.7046463810985701,0.05180336818661428,0.048582493422047415,0.7059954886414695,1
left_side_row_00,15,-0.8204121952816669,3.876494287664575,0.4656826763041598,0.7046463810985701,0.05180336818661428,0.048582493422047415,0.7059954886414695,1
left_side_row_00,16,-0.7612962455655571,3.8849506570011147,0.46540325810237504,0.7046463810985701,0.05180336818661428,0.048582493422047415,0.7059954886414695,1
left_side_row_00,17,-0.6581271498771152,3.584940771081733,0.46554312292609407,0.7045482747258714,0.05188013607895596,0.04869051159674042,0.7060803170615044,1
left_side_row_00,18,-0.6447415802577537,3.913586977944821,0.464825713007619,0.7046463810985701,0.05180336818661428,0.048582493422047415,0.7059954886414695,1
left_side_row_00,19,-0.5856256895450153,3.922043338841095,0.4645462950847203,0.7046463810985701,0.05180336818661428,0.048582493422047415,0.7059954886414695,1
left_side_row_00,20,-0.526509798832277,3.9304996997373696,0.4642668771618216,0.7046463810985701,0.05180336818661428,0.048582493422047415,0.7059954886414695,1
left_side_row_00,21,-0.4673939081195385,3.9389560606336436,0.4639874592389229,0.7046463810985701,0.05180336818661428,0.048582493422047415,0.7059954886414695,1
left_side_row_00,22,-0.40827801740680014,3.9474124215299176,0.46370804131602417,0.7046463810985701,0.05180336818661428,0.048582493422047415,0.7059954886414695,1
left_side_row_00,23,-0.3491621266940619,3.9558687824261916,0.46342862339312546,0.7046463810985701,0.05180336818661428,0.048582493422047415,0.7059954886414695,1
left_side_row_00,24,-0.2900462359813235,3.9643251433224655,0.46314920547022675,0.7046463810985701,0.05180336818661428,0.048582493422047415,0.7059954886414695,1
left_side_row_00,25,-0.23093034526858514,3.97278150421874,0.4628697875473281,0.7046463810985701,0.05180336818661428,0.048582493422047415,0.7059954886414695,1
left_side_row_00,26,-0.17181445455584676,3.9812378651150135,0.4625903696244294,0.7046463810985701,0.05180336818661428,0.048582493422047415,0.7059954886414695,1
left_side_row_00,27,-0.1126985638431085,3.989694226011288,0.4623109517015307,0.7046463810985701,0.05180336818661428,0.048582493422047415,0.7059954886414695,1
left_side_row_00,28,-0.05358270263205578,3.9981505826874293,0.46203153391807505,0.7046463810985701,0.05180336818661428,0.048582493422047415,0.7059954886414695,1
left_side_row_00,29,0.005533188080682594,4.006606943583703,0.46175211599517635,0.7046463810985701,0.05180336818661428,0.048582493422047415,0.7059954886414695,1
left_side_row_00,30,0.06464907879342097,4.015063304479978,0.46147269807227764,0.7046463810985701,0.05180336818661428,0.048582493422047415,0.7059954886414695,1
left_side_row_00,31,0.12376496950615923,4.023519665376251,0.46119328014937894,0.7046463810985701,0.05180336818661428,0.048582493422047415,0.7059954886414695,1
left_side_row_00,32,0.1828808602188976,4.031976026272526,0.46091386222648023,0.7046463810985701,0.05180336818661428,0.048582493422047415,0.7059954886414695,1
left_side_row_00,33,0.24199675093163597,4.040432387168799,0.4606344443035815,0.7046463810985701,0.05180336818661428,0.048582493422047415,0.7059954886414695,1
left_side_row_00,34,0.3011126416443743,4.048888748065074,0.4603550263806828,0.7046463810985701,0.05180336818661428,0.048582493422047415,0.7059954886414695,1
left_side_row_00,35,0.36022853235711266,4.057345108961348,0.46007560845778417,0.7046463810985701,0.05180336818661428,0.048582493422047415,0.7059954886414695,1
left_side_row_00,36,0.419344423069851,4.065801469857622,0.45979619053488546,0.7046463810985701,0.05180336818661428,0.048582493422047415,0.7059954886414695,1
left_side_row_00,37,0.47846031378258935,4.074257830753896,0.45951677261198676,0.7046463810985701,0.05180336818661428,0.048582493422047415,0.7059954886414695,1
left_side_row_00,38,0.5375762044953277,4.082714191650171,0.45923735468908805,0.7046463810985701,0.05180336818661428,0.048582493422047415,0.7059954886414695,1
left_side_row_00,39,0.5966920783264994,4.091170670554207,0.4589579365778652,0.7046463810985701,0.05180336818661428,0.048582493422047415,0.7059954886414695,1
left_side_row_00,40,0.6558079690392378,4.099627031450481,0.4586785186549665,0.7046463810985701,0.05180336818661428,0.048582493422047415,0.7059954886414695,1
left_side_row_00,41,0.7149238766335427,4.108083274338992,0.458399100920392,0.7046463810985701,0.05180336818661428,0.048582493422047415,0.7059954886414695,1
left_side_row_00,42,0.7740397504647144,4.116539753243028,0.45811968280916915,0.7046463810985701,0.05180336818661428,0.048582493422047415,0.7059954886414695,1
left_side_row_00,43,0.8331556580590194,4.12499599613154,0.4578402650745946,0.7046463810985701,0.05180336818661428,0.048582493422047415,0.7059954886414695,1
left_side_row_00,44,0.8922715192700722,4.133452352807682,0.45756084729113894,0.7046463810985701,0.05180336818661428,0.048582493422047415,0.7059954886414695,1
left_side_row_00,45,0.9513874099828105,4.141908713703956,0.45728142936824023,0.7046463810985701,0.05180336818661428,0.048582493422047415,0.7059954886414695,1
left_side_row_00,46,1.0105033006955488,4.15036507460023,0.4570020114453415,0.7046463810985701,0.05180336818661428,0.048582493422047415,0.7059954886414695,1
left_side_row_00,47,1.0696191914082873,4.158821435496504,0.4567225935224428,0.7046463810985701,0.05180336818661428,0.048582493422047415,0.7059954886414695,1
left_side_row_00,48,1.1287350821210256,4.167277796392778,0.4564431755995441,0.7046463810985701,0.05180336818661428,0.048582493422047415,0.7059954886414695,1
left_side_row_00,49,1.1878509728337638,4.175734157289052,0.4561637576766454,0.7046463810985701,0.05180336818661428,0.048582493422047415,0.7059954886414695,1
left_side_row_00,50,1.2469668635465023,4.184190518185327,0.4558843397537467,0.7046463810985701,0.05180336818661428,0.048582493422047415,0.7059954886414695,1
left_side_row_00,51,1.3060827542592406,4.1926468790816,0.45560492183084805,0.7046463810985701,0.05180336818661428,0.048582493422047415,0.7059954886414695,1
left_side_row_00,52,1.3651986449719788,4.201103239977875,0.45532550390794935,0.7046463810985701,0.05180336818661428,0.048582493422047415,0.7059954886414695,1
left_side_row_00,53,1.4243145356847173,4.209559600874149,0.45504608598505064,0.7046463810985701,0.05180336818661428,0.048582493422047415,0.7059954886414695,1
left_side_row_00,54,1.5292330286322702,3.8978409678416908,0.4552776229730876,0.7046463810985701,0.05180336818661428,0.048582493422047415,0.7059954886414695,1
left_side_row_00,55,1.5883488603416374,3.9062973202977,0.454998205329075,0.7046463810985701,0.05180336818661428,0.048582493422047415,0.7059954886414695,1
left_side_row_00,56,1.603341773294952,4.223205192655634,0.45422572575473963,0.7046457851292365,0.051797625815324926,0.04858210445655029,0.7059965315680172,1
left_side_row_00,57,1.662455992321997,4.231661075621869,0.4539475977804216,0.7046470567219698,0.05180256119607692,0.048581600301980214,0.7059949349809037,1
left_side_row_00,58,1.7215719589196734,4.240117326950647,0.45366817976696094,0.7046470567219245,0.05180256119669176,0.048581600301364214,0.7059949349809462,1
left_side_row_00,59,1.7806878243921735,4.24857344339113,0.4533887624995966,0.7046470567219019,0.05180256119699918,0.04858160030105623,0.7059949349809674,1
left_side_row_00,60,1.839803774108283,4.257029812727669,0.4531093442978118,0.7046470567218793,0.051802561197306564,0.04858160030074823,0.7059949349809885,1
left_side_row_00,61,1.8989189125568302,4.2654859448310845,0.4528294533574128,0.7046463810985701,0.05180336818661428,0.048582493422047415,0.7059954886414695,1
left_side_row_00,62,1.9580348622729398,4.273942314167623,0.452550035155628,0.7046463810985701,0.05180336818661428,0.048582493422047415,0.7059954886414695,1
left_side_row_00,63,2.0171506939823067,4.282398666623632,0.4522706175116154,0.7046463810985701,0.05180336818661428,0.048582493422047415,0.7059954886414695,1
left_side_row_00,64,2.0762666436984163,4.290855035960172,0.4519911993098306,0.7046463810985701,0.05180336818661428,0.048582493422047415,0.7059954886414695,1
left_side_row_00,65,2.179507767469021,3.9908609292604407,0.452204026100088,0.7046463810985701,0.05180336818661428,0.048582493422047415,0.7059954886414695,1
left_side_row_00,66,2.3294180087106313,4.293853261535207,0.48860136471317905,-0.4591798104964056,-0.5956046347263514,0.6286839463867997,-0.19790279502951516,1
left_side_row_00,67,2.3930820720994164,4.270515962678579,0.48837268535610756,0.7405366365658932,-0.13113530866513284,-0.11575338044340208,0.6488529692009581,1
left_side_row_00,68,2.486797663410299,4.230560654692919,0.4959040159094505,0.7407224350995006,-0.17541801801213225,-0.1529598171113741,0.630207971582569,1
left_side_row_00,69,2.5682966710161175,4.186664557459258,0.48041719326861204,0.7173021370917395,-0.1939887913222222,-0.1768610105896786,0.6454193798594557,1
left_side_row_00,70,2.6341593641552357,4.147958947590199,0.48021303908762547,0.7165648949269955,-0.1966945815046697,-0.17442387212444319,0.6460822747902025,1
left_side_row_00,71,2.7970329702479546,4.006152581848856,0.45987745148984643,0.631999217617736,-0.34167973997454276,-0.3394781747738732,0.6071132621461155,1
left_side_row_01,0,2.799679450946371,3.992718981842857,0.6132308710183026,0.3407792968274515,0.6324851987456223,-0.6066291598148589,-0.34034248439449455,1
left_side_row_01,1,2.637865247567044,4.127119770462514,0.6335782768968218,0.1943479356778091,0.7172049127918794,-0.6455078570773064,-0.17653781299322416,1
left_side_row_01,2,2.556907091592675,4.167235135008348,0.6490711330661176,0.17662869389965363,0.7404346773310533,-0.6304571834870895,-0.15192936808427757,1
left_side_row_01,3,2.4918520210415576,4.2002951945262,0.6492842967676165,0.17634200423273597,0.7405030077226022,-0.6303983132609443,-0.15217345279225822,1
left_side_row_01,4,2.3971110266238322,4.247418412066674,0.641741557020289,0.13282119971369724,0.7402361165071856,-0.6491148620716362,-0.11427561665856352,1
left_side_row_01,5,2.3035006323587526,4.277334822110578,0.6472225980974692,0.090052088101048,0.7528981059454198,-0.647288533287798,-0.07779857432223083,1
left_side_row_01,6,2.188640283849914,4.289898209113448,0.6792689032172109,0.024389822699949177,0.7944521703918329,-0.6067597606864508,-0.009668418696567501,1
left_side_row_01,7,2.127919673535851,4.2926597925472425,0.6795304185811593,-0.3547970813308609,0.7112440829776593,-0.5298079992419166,-0.29589587602338857,1
left_side_row_01,8,2.061951906923844,3.974289476607183,0.6060943284831627,0.05180336818661428,-0.7046463810985701,0.7059954886414695,-0.048582493422047415,1
left_side_row_01,9,1.9587107662716727,4.274283701314676,0.6058815015045811,0.05180336818661428,-0.7046463810985701,0.7059954886414695,-0.048582493422047415,1
left_side_row_01,10,1.8995948165555632,4.265827331978136,0.6061609197063659,0.05180336818661428,-0.7046463810985701,0.7059954886414695,-0.048582493422047415,1
left_side_row_01,11,1.8404789848461962,4.257370979522128,0.6064403373503785,0.05180336818661428,-0.7046463810985701,0.7059954886414695,-0.048582493422047415,1
left_side_row_01,12,1.7813630351300866,4.248914610185588,0.6067197555521633,0.05180336818661428,-0.7046463810985701,0.7059954886414695,-0.048582493422047415,1
left_side_row_01,13,1.7222495601399324,4.240458593615013,0.6069983871897991,0.05179762581830945,-0.7046457851290171,0.705996531568223,-0.04858210445356005,1
left_side_row_01,14,1.7072565626474137,3.923551311229538,0.6077708360205548,0.05180336818661428,-0.7046463810985701,0.7059954886414695,-0.048582493422047415,1
left_side_row_01,15,1.6481407140564803,3.9150950767812915,0.6080502534762433,0.05180336818661428,-0.7046463810985701,0.7059954886414695,-0.048582493422047415,1
left_side_row_01,16,1.543222221108927,4.226813709813749,0.6078187164882064,0.05180336818661428,-0.7046463810985701,0.7059954886414695,-0.048582493422047415,1
left_side_row_01,17,1.48410638939956,4.218357357357741,0.6080981341322189,0.05180336818661428,-0.7046463810985701,0.7059954886414695,-0.048582493422047415,1
left_side_row_01,18,1.4249904396834505,4.209900988021201,0.6083775523340037,0.05180336818661428,-0.7046463810985701,0.7059954886414695,-0.048582493422047415,1
left_side_row_01,19,1.3658745489707123,4.201444627124927,0.6086569702569025,0.05180336818661428,-0.7046463810985701,0.7059954886414695,-0.048582493422047415,1
left_side_row_01,20,1.3067586582579738,4.192988266228653,0.6089363881798011,0.05180336818661428,-0.7046463810985701,0.7059954886414695,-0.048582493422047415,1
left_side_row_01,21,1.2476427675452353,4.184531905332379,0.6092158061026999,0.05180336818661428,-0.7046463810985701,0.7059954886414695,-0.048582493422047415,1
left_side_row_01,22,1.188526876832497,4.176075544436104,0.6094952240255985,0.05180336818661428,-0.7046463810985701,0.7059954886414695,-0.048582493422047415,1
left_side_row_01,23,1.1294109861197588,4.167619183539831,0.6097746419484973,0.05180336818661428,-0.7046463810985701,0.7059954886414695,-0.048582493422047415,1
left_side_row_01,24,1.0702950954070203,4.159162822643556,0.6100540598713959,0.05180336818661428,-0.7046463810985701,0.7059954886414695,-0.048582493422047415,1
left_side_row_01,25,1.011179204694282,4.150706461747283,0.6103334777942946,0.05180336818661428,-0.7046463810985701,0.7059954886414695,-0.048582493422047415,1
left_side_row_01,26,0.9520633139815435,4.142250100851008,0.6106128957171933,0.05180336818661428,-0.7046463810985701,0.7059954886414695,-0.048582493422047415,1
left_side_row_01,27,0.8929474232688053,4.133793739954735,0.610892313640092,0.05180336818661428,-0.7046463810985701,0.7059954886414695,-0.048582493422047415,1
left_side_row_01,28,0.8338315620577526,4.125337383278593,0.6111717314235476,0.05180336818661428,-0.7046463810985701,0.7059954886414695,-0.048582493422047415,1
left_side_row_01,29,0.7747156713450142,4.1168810223823185,0.6114511493464464,0.05180336818661428,-0.7046463810985701,0.7059954886414695,-0.048582493422047415,1
left_side_row_01,30,0.7155997637507092,4.108424779493808,0.6117305670810209,0.05180336818661428,-0.7046463810985701,0.7059954886414695,-0.048582493422047415,1
left_side_row_01,31,0.6564838899195375,4.0999683005897705,0.6120099851922438,0.05180336818661428,-0.7046463810985701,0.7059954886414695,-0.048582493422047415,1
left_side_row_01,32,0.5973679823252326,4.091512057701259,0.6122894029268183,0.05180336818661428,-0.7046463810985701,0.7059954886414695,-0.048582493422047415,1
left_side_row_01,33,0.5382521084940608,4.0830555787972225,0.6125688210380412,0.05180336818661428,-0.7046463810985701,0.7059954886414695,-0.048582493422047415,1
left_side_row_01,34,0.4791362177813225,4.074599217900948,0.6128482389609399,0.05180336818661428,-0.7046463810985701,0.7059954886414695,-0.048582493422047415,1
left_side_row_01,35,0.4200203270685841,4.0661428570046745,0.6131276568838385,0.05180336818661428,-0.7046463810985701,0.7059954886414695,-0.048582493422047415,1
left_side_row_01,36,0.3609044363558458,4.0576864961084,0.6134070748067373,0.05180336818661428,-0.7046463810985701,0.7059954886414695,-0.048582493422047415,1
left_side_row_01,37,0.3017885456431074,4.049230135212126,0.6136864927296359,0.05180336818661428,-0.7046463810985701,0.7059954886414695,-0.048582493422047415,1
left_side_row_01,38,0.2426726549303691,4.040773774315852,0.6139659106525347,0.05180336818661428,-0.7046463810985701,0.7059954886414695,-0.048582493422047415,1
left_side_row_01,39,0.18355676421763073,4.0323174134195785,0.6142453285754333,0.05180336818661428,-0.7046463810985701,0.7059954886414695,-0.048582493422047415,1
left_side_row_01,40,0.12444087350489236,4.023861052523304,0.6145247464983321,0.05180336818661428,-0.7046463810985701,0.7059954886414695,-0.048582493422047415,1
left_side_row_01,41,0.0653249827921541,4.01540469162703,0.6148041644212308,0.05180336818661428,-0.7046463810985701,0.7059954886414695,-0.048582493422047415,1
left_side_row_01,42,0.006209092079415779,4.006948330730756,0.6150835823441294,0.05180336818661428,-0.7046463810985701,0.7059954886414695,-0.048582493422047415,1
left_side_row_01,43,-0.052906798633322594,3.9984919698344816,0.6153630002670282,0.05180336818661428,-0.7046463810985701,0.7059954886414695,-0.048582493422047415,1
left_side_row_01,44,-0.11202265984437532,3.9900356131583403,0.6156424180504838,0.05180336818661428,-0.7046463810985701,0.7059954886414695,-0.048582493422047415,1
left_side_row_01,45,-0.17113855055711358,3.9815792522620663,0.6159218359733825,0.05180336818661428,-0.7046463810985701,0.7059954886414695,-0.048582493422047415,1
left_side_row_01,46,-0.23025444126985195,3.973122891365792,0.6162012538962812,0.05180336818661428,-0.7046463810985701,0.7059954886414695,-0.048582493422047415,1
left_side_row_01,47,-0.2893703319825903,3.9646665304695183,0.6164806718191799,0.05180336818661428,-0.7046463810985701,0.7059954886414695,-0.048582493422047415,1
left_side_row_01,48,-0.3484862226953287,3.956210169573244,0.6167600897420786,0.05180336818661428,-0.7046463810985701,0.7059954886414695,-0.048582493422047415,1
left_side_row_01,49,-0.40760211340806696,3.94775380867697,0.6170395076649773,0.05180336818661428,-0.7046463810985701,0.7059954886414695,-0.048582493422047415,1
left_side_row_01,50,-0.46671800412080533,3.939297447780696,0.617318925587876,0.05180336818661428,-0.7046463810985701,0.7059954886414695,-0.048582493422047415,1
left_side_row_01,51,-0.5258338948335438,3.9308410868844215,0.6175983435107747,0.05180336818661428,-0.7046463810985701,0.7059954886414695,-0.048582493422047415,1
left_side_row_01,52,-0.5849497855462821,3.922384725988148,0.6178777614336733,0.05180336818661428,-0.7046463810985701,0.7059954886414695,-0.048582493422047415,1
left_side_row_01,53,-0.6440656762590206,3.9139283650918735,0.6181571793565721,0.05180336818661428,-0.7046463810985701,0.7059954886414695,-0.048582493422047415,1
left_side_row_01,54,-0.7031816259751301,3.905471995755334,0.6184365975583569,0.05180336818661428,-0.7046463810985701,0.7059954886414695,-0.048582493422047415,1
left_side_row_01,55,-0.7622974576844971,3.8970156432993255,0.6187160152023695,0.05180336818661428,-0.7046463810985701,0.7059954886414695,-0.048582493422047415,1
left_side_row_01,56,-0.7756107291166304,3.568383327531691,0.6195063901005691,0.05180336818661428,-0.7046463810985701,0.7059954886414695,-0.048582493422047415,1
left_side_row_01,57,-0.8788521229923006,3.8683793223556187,0.6192935602971256,0.05180336818661428,-0.7046463810985701,0.7059954886414695,-0.048582493422047415,1
left_side_row_01,58,-0.9379680727084104,3.8599229530190793,0.6195729784989104,0.05180336818661428,-0.7046463810985701,0.7059954886414695,-0.048582493422047415,1
left_side_row_01,59,-0.9970839044177774,3.8514666005630707,0.619852396142923,0.05180336818661428,-0.7046463810985701,0.7059954886414695,-0.048582493422047415,1
left_side_row_01,60,-1.056199854133887,3.8430102312265313,0.6201318143447078,0.05180336818661428,-0.7046463810985701,0.7059954886414695,-0.048582493422047415,1
left_side_row_01,61,-1.115315685843254,3.8345538787705227,0.6204112319887204,0.05180336818661428,-0.7046463810985701,0.7059954886414695,-0.048582493422047415,1
left_side_row_01,62,-1.1302646948469275,3.5176482379859513,0.6209857126348249,0.05175743916352938,-0.7043998404103554,0.7062489426365329,-0.04852281263363258,1
left_side_row_01,63,-1.2352245833864042,3.829364756129133,0.620951358585559,0.05180336818661428,-0.7046463810985701,0.7059954886414695,-0.048582493422047415,1
left_side_row_01,64,-1.29434054998408,3.820908504800356,0.6212307765990197,0.05180336818661428,-0.7046463810985701,0.7059954886414695,-0.048582493422047415,1
left_side_row_01,65,-1.353456381693447,3.8124521523443473,0.6215101942430323,0.05180336818661428,-0.7046463810985701,0.7059954886414695,-0.048582493422047415,1
left_side_row_01,66,-1.4125723145279903,3.8039956650000453,0.6217896126331413,0.05180336818661428,-0.7046463810985701,0.7059954886414695,-0.048582493422047415,1
left_side_row_01,67,-1.4716881462373572,3.7955393125440366,0.6220690302771539,0.05180336818661428,-0.7046463810985701,0.7059954886414695,-0.048582493422047415,1
left_side_row_01,68,-1.5308039779467242,3.787082960088028,0.6223484479211665,0.05180336818661428,-0.7046463810985701,0.7059954886414695,-0.048582493422047415,1
left_side_row_01,69,-1.5899199276628337,3.7786265907514887,0.6226278661229513,0.05180336818661428,-0.7046463810985701,0.7059954886414695,-0.048582493422047415,1
left_side_row_01,70,-1.6490358773789437,3.770170221414949,0.6229072843247361,0.05180336818661428,-0.7046463810985701,0.7059954886414695,-0.048582493422047415,1
left_side_row_01,71,-1.708151591081568,3.761713885839471,0.6231867014109764,0.05180336818661428,-0.7046463810985701,0.7059954886414695,-0.048582493422047415,1
left_side_row_02,0,-1.7074767958142436,3.762054634074406,0.776519038347758,0.704647323987107,0.05180483842715193,0.04858381322921769,0.705994348848101,1
left_side_row_02,1,-1.6483611158747524,3.770511205665408,0.7762396208848694,0.704647323987107,0.051804838427151924,0.048583813229217704,0.705994348848101,1
left_side_row_02,2,-1.5892440235327299,3.778967977964894,0.7759593622738633,0.7046463810985701,0.05180336818661428,0.048582493422047415,0.7059954886414695,1
left_side_row_02,3,-1.5301280738166203,3.7874243473014335,0.7756799440720785,0.7046463810985701,0.05180336818661428,0.048582493422047415,0.7059954886414695,1
left_side_row_02,4,-1.4710122421072533,3.795880699757442,0.7754005264280659,0.7046463810985701,0.05180336818661428,0.048582493422047415,0.7059954886414695,1
left_side_row_02,5,-1.4118964272794532,3.8043371702212134,0.7751211085957291,0.7046463810985701,0.05180336818661428,0.048582493422047415,0.7059954886414695,1
left_side_row_02,6,-1.3527804606817768,3.81279342154999,0.7748416905822685,0.7046463810985701,0.05180336818661428,0.048582493422047415,0.7059954886414695,1
left_side_row_02,7,-1.2936646289724099,3.821249774005999,0.7745622729382559,0.7046463810985701,0.05180336818661428,0.048582493422047415,0.7059954886414695,1
left_side_row_02,8,-1.2345486792563003,3.8297061433425386,0.7742828547364711,0.7046463810985701,0.05180336818661428,0.048582493422047415,0.7059954886414695,1
left_side_row_02,9,-1.1754328644284997,3.8381626138063094,0.7740034369041343,0.7046463810985701,0.05180336818661428,0.048582493422047415,0.7059954886414695,1
left_side_row_02,10,-1.1163169147123901,3.8466189831428492,0.7737240187023495,0.7046463810985701,0.05180336818661428,0.048582493422047415,0.7059954886414695,1
left_side_row_02,11,-1.0572010830030227,3.855075335598858,0.7734446010583369,0.7046463810985701,0.05180336818661428,0.048582493422047415,0.7059954886414695,1
left_side_row_02,12,-0.9980851332869133,3.863531704935397,0.7731651828565521,0.7046463810985701,0.05180336818661428,0.048582493422047415,0.7059954886414695,1
left_side_row_02,13,-0.9389693015775463,3.871988057391406,0.7728857652125396,0.7046463810985701,0.05180336818661428,0.048582493422047415,0.7059954886414695,1
left_side_row_02,14,-0.8798533518614365,3.880444426727945,0.7726063470107548,0.7046463810985701,0.05180336818661428,0.048582493422047415,0.7059954886414695,1
left_side_row_02,15,-0.8207375201520696,3.8889007791839543,0.7723269293667422,0.7046463810985701,0.05180336818661428,0.048582493422047415,0.7059954886414695,1
left_side_row_02,16,-0.7616215535543932,3.897357030512731,0.7720475113532815,0.7046463810985701,0.05180336818661428,0.048582493422047415,0.7059954886414695,1
left_side_row_02,17,-0.7025057218450262,3.9058133829687396,0.7717680937092689,0.7046463810985701,0.05180336818661428,0.048582493422047415,0.7059954886414695,1
left_side_row_02,18,-0.6433897721289167,3.914269752305279,0.7714886755074841,0.7046463810985701,0.05180336818661428,0.048582493422047415,0.7059954886414695,1
left_side_row_02,19,-0.5842738814161782,3.922726113201553,0.7712092575845854,0.7046463810985701,0.05180336818661428,0.048582493422047415,0.7059954886414695,1
left_side_row_02,20,-0.5251579907034399,3.9311824740978274,0.7709298396616867,0.7046463810985701,0.05180336818661428,0.048582493422047415,0.7059954886414695,1
left_side_row_02,21,-0.46604209999070145,3.9396388349941014,0.7706504217387881,0.7046463810985701,0.05180336818661428,0.048582493422047415,0.7059954886414695,1
left_side_row_02,22,-0.4069262092779632,3.9480951958903754,0.7703710038158893,0.7046463810985701,0.05180336818661428,0.048582493422047415,0.7059954886414695,1
left_side_row_02,23,-0.34781031856522493,3.9565515567866494,0.7700915858929906,0.7046463810985701,0.05180336818661428,0.048582493422047415,0.7059954886414695,1
left_side_row_02,24,-0.28869442785248656,3.9650079176829234,0.7698121679700919,0.7046463810985701,0.05180336818661428,0.048582493422047415,0.7059954886414695,1
left_side_row_02,25,-0.22957853713974818,3.973464278579198,0.7695327500471932,0.7046463810985701,0.05180336818661428,0.048582493422047415,0.7059954886414695,1
left_side_row_02,26,-0.1704626464270098,3.9819206394754714,0.7692533321242945,0.7046463810985701,0.05180336818661428,0.048582493422047415,0.7059954886414695,1
left_side_row_02,27,-0.11134675571427155,3.990377000371746,0.7689739142013958,0.7046463810985701,0.05180336818661428,0.048582493422047415,0.7059954886414695,1
left_side_row_02,28,-0.05223089450321883,3.998833357047887,0.7686944964179402,0.7046463810985701,0.05180336818661428,0.048582493422047415,0.7059954886414695,1
left_side_row_02,29,0.006884996209519545,4.007289717944161,0.7684150784950414,0.7046463810985701,0.05180336818661428,0.048582493422047415,0.7059954886414695,1
left_side_row_02,30,0.06600088692225797,4.0157460788404356,0.7681356605721428,0.7046463810985701,0.05180336818661428,0.048582493422047415,0.7059954886414695,1
left_side_row_02,31,0.12511677763499623,4.024202439736709,0.7678562426492441,0.7046463810985701,0.05180336818661428,0.048582493422047415,0.7059954886414695,1
left_side_row_02,32,0.1842326683477346,4.0326588006329835,0.7675768247263454,0.7046463810985701,0.05180336818661428,0.048582493422047415,0.7059954886414695,1
left_side_row_02,33,0.24334855906047298,4.041115161529257,0.7672974068034467,0.7046463810985701,0.05180336818661428,0.048582493422047415,0.7059954886414695,1
left_side_row_02,34,0.3024644497732113,4.0495715224255315,0.767017988880548,0.7046463810985701,0.05180336818661428,0.048582493422047415,0.7059954886414695,1
left_side_row_02,35,0.36158034048594967,4.058027883321806,0.7667385709576493,0.7046463810985701,0.05180336818661428,0.048582493422047415,0.7059954886414695,1
left_side_row_02,36,0.42069623119868793,4.0664842442180795,0.7664591530347505,0.7046463810985701,0.05180336818661428,0.048582493422047415,0.7059954886414695,1
left_side_row_02,37,0.4798121219114263,4.074940605114354,0.7661797351118519,0.7046463810985701,0.05180336818661428,0.048582493422047415,0.7059954886414695,1
left_side_row_02,38,0.5389280126241647,4.083396966010628,0.7659003171889532,0.7046463810985701,0.05180336818661428,0.048582493422047415,0.7059954886414695,1
left_side_row_02,39,0.5980438864553363,4.091853444914665,0.7656208990777303,0.7046463810985701,0.05180336818661428,0.048582493422047415,0.7059954886414695,1
left_side_row_02,40,0.6571597940496414,4.100309687803176,0.7653414813431558,0.7046463810985701,0.05180336818661428,0.048582493422047415,0.7059954886414695,1
left_side_row_02,41,0.7162756678808131,4.108766166707213,0.7650620632319329,0.7046463810985701,0.05180336818661428,0.048582493422047415,0.7059954886414695,1
left_side_row_02,42,0.7753915754751181,4.117222409595724,0.7647826454973584,0.7046463810985701,0.05180336818661428,0.048582493422047415,0.7059954886414695,1
left_side_row_02,43,0.8345074661878564,4.125678770491998,0.7645032275744597,0.7046463810985701,0.05180336818661428,0.048582493422047415,0.7059954886414695,1
left_side_row_02,44,0.8936233273989092,4.13413512716814,0.764223809791004,0.7046463810985701,0.05180336818661428,0.048582493422047415,0.7059954886414695,1
left_side_row_02,45,0.9527392181116474,4.142591488064414,0.7639443918681054,0.7046463810985701,0.05180336818661428,0.048582493422047415,0.7059954886414695,1
left_side_row_02,46,1.0258183225856612,4.12146553775297,0.8900133620339435,0.8500230404931055,0.047851389456245993,0.024817444596147892,0.5239801232887369,1
left_side_row_02,47,1.085240503920302,4.127781246281806,0.889737360031866,0.8501109393256264,0.04626354591833884,0.025796145020258916,0.5239328526252737,1
left_side_row_02,48,1.1446625672482,4.134096937930113,0.8894613585875605,0.8501109445276647,0.04626345032873123,0.025796203933199792,0.5239328497246568,1
left_side_row_02,49,1.204084748582841,4.140412646458949,0.8891853565854829,0.8501109445276647,0.04626345032873123,0.025796203933199792,0.5239328497246568,1
left_side_row_02,50,1.263506811910739,4.1467283381072555,0.8889093551411775,0.8501061644533963,0.04635120279315642,0.025742120822018842,0.5239355097467127,1
left_side_row_02,51,1.3182780066387285,4.152724075897019,0.8883324602366791,0.8494341623812223,0.0524731965568608,0.03173612500863344,0.5241192476834378,1
left_side_row_02,52,1.3775425395455776,4.160141378446445,0.8880547005077397,0.8493571291034371,0.053705677710566065,0.030975589990825777,0.5241647453306417,1
left_side_row_02,53,1.4406392494866327,4.1759248856653395,0.8699740134168814,0.8308779669386154,0.04628015746898543,0.026544764083612588,0.5538910782638987,1
left_side_row_02,54,1.5000650941212306,4.182214986509762,0.8696980522811398,0.8309408538805604,0.045136972335839014,0.027306795254998645,0.5538540331292178,1
left_side_row_02,55,1.559490803867519,4.188505188481416,0.8694220915148464,0.8309408538805604,0.045136972335839014,0.027306795254998645,0.5538540331292178,1
left_side_row_02,56,1.61891663162055,4.194795407333602,0.8691461301907808,0.8309408538805604,0.045136972335839014,0.027306795254998645,0.5538540331292178,1
left_side_row_02,57,1.678342341366839,4.201085609305256,0.8688701694244872,0.8309408538805604,0.045136972335839014,0.027306795254998645,0.5538540331292178,1
left_side_row_02,58,1.7377681860014365,4.2073757101496785,0.8685942082887458,0.8309408538805604,0.045136972335839014,0.027306795254998645,0.5538540331292178,1
left_side_row_02,59,1.7971938957477254,4.213665912121333,0.8683182475224523,0.8310213255132269,0.04363032731530213,0.02831093776668961,0.5538036131006818,1
left_side_row_02,60,1.866039851417264,4.219354319941303,0.8687236836536213,0.8322939145898656,0.031629502305843035,0.01640587584323122,0.5531882695415539,1
left_side_row_02,61,1.9254325090072615,4.22362096959493,0.8681887393951336,0.8320488371980838,0.030657268461534205,0.017762306416904013,0.5535696567538236,1
left_side_row_02,62,1.9851521941904897,4.227857027329161,0.8679160562291883,0.8320459939906174,0.030734337090153697,0.017711031793849568,0.5535712996178463,1
left_side_row_02,63,2.044871761366975,4.232093068182863,0.8676433736210152,0.8321939001148891,0.02642817064754325,0.02057547082946494,0.5534722345411196,1
left_side_row_02,64,2.129899919135857,4.239913145001109,0.8510783032061121,0.8149262622083079,-0.0061446949665928735,-0.011132884874319873,0.5794251364596973,1
left_side_row_02,65,2.1904441339602823,4.238384624675347,0.8508148200433358,0.8147203121616744,-0.019323122527693234,-0.0017607923657950771,0.5795294034794163,1
left_side_row_02,66,2.303248882465536,4.169193484920241,0.9390339312620409,0.8962500062681461,-0.13731809262127811,-0.05139632701135802,0.41861448287528674,1
left_side_row_02,67,2.4239873152295424,4.122979678955836,0.9278663890719088,0.8673572364133093,-0.22417457353481657,-0.12415392142699551,0.4266415226114883,1
left_side_row_02,68,2.4826982816285073,4.081191438196729,0.9363354157173284,0.8744892653876482,-0.23091415037488094,-0.10925438173708142,0.41232348944689806,1
left_side_row_02,69,2.548337184279695,4.044050198228295,0.9361287650175205,0.8747995897205703,-0.229735713258308,-0.10980981927725689,0.41217591325636005,1
left_side_row_02,70,2.613976086930883,4.006908958259859,0.9359221143177126,0.8542097814897001,-0.2972851649997029,-0.07731817781428782,0.4194866854357793,1
left_side_row_02,71,2.7690587562165847,3.833951115277863,0.93399479900419,0.8012832790926039,-0.415646292358896,-0.2306616380190187,0.36328841853449,1
left_side_row_03,0,2.523721559747162,3.231576812778027,1.1695097898990967,0.6047007315764401,0.7697606244531999,-0.15983688036042676,-0.12750599181601063,1
left_side_row_03,1,2.317097328526746,3.924246983764649,1.1576017880188256,0.5383815050118423,0.8051633261247854,-0.24218582006490155,0.05659860320138093,1
left_side_row_03,2,2.2534077488142352,3.9477618084190915,1.1578301846000165,0.10511248604162095,0.9628572022648497,-0.24091381330869696,-0.06178922140566717,1
left_side_row_03,3,2.1334007016390437,4.061190293418502,1.0596762425916415,-0.014950220380421812,0.8730258251260246,-0.4871789234604483,0.016096462639966197,1
left_side_row_03,4,2.073528846014281,4.058017957653434,1.0599472282038844,-0.024209710365832006,0.8728181313139648,-0.4873222538254109,0.01092796870981637,1
left_side_row_03,5,2.0136571252778275,4.054845520761135,1.0602182134466793,-0.015579545488320053,0.8730148212881474,-0.4871904001705849,0.015745270884501547,1
left_side_row_03,6,1.9706211946914882,3.970534531776975,1.1483570360202555,0.011999374797024473,0.958735207171552,-0.283967082585607,-0.0067463725083033305,1
left_side_row_03,7,1.9100390387103028,3.9723274316135884,1.148620097800592,0.013566620879046584,0.9587143105554033,-0.2839777315816095,-0.006282157269998893,1
left_side_row_03,8,1.849456891169901,3.9741202724463207,1.1488831596750908,0.010338668408449705,0.958754553783886,-0.2839549707419928,-0.0072382404709795435,1
left_side_row_03,9,1.7777732676392177,3.9789712908072685,1.1464758280472223,-0.010000500158169107,0.9562665799982756,-0.292226508810629,0.00760825363269714,1
left_side_row_03,10,1.7178180001937737,3.976382031395611,1.146745883149942,-0.021293376064532226,0.9560817821508714,-0.2922959825512343,0.004156508077295595,1
left_side_row_03,11,1.657862859195855,3.973792729860603,1.1470159377890514,-0.021293572198220638,0.9560817777826596,-0.2922959834039076,0.004156448114758449,1
left_side_row_03,12,1.5979076001911943,3.9712034114450643,1.1472859929859331,-0.02235354841473779,0.9560575824176502,-0.2923004119360613,0.0038323826788285538,1
left_side_row_03,13,1.5271089572752063,3.988499774630197,1.132017829365469,-0.038243732154886224,0.9409226790822138,-0.33598121153560684,0.01784809330658355,1
left_side_row_03,14,1.467631134296978,3.982573019685825,1.132293210651216,-0.04751924957497754,0.9404998628283878,-0.33614085948720085,0.014534494240278686,1
left_side_row_03,15,1.4081533787629044,3.976646214177837,1.1325685917522392,-0.04751942328887336,0.9404998540513859,-0.33614086217177125,0.014534432153785042,1
left_side_row_03,16,1.3486756232288306,3.970719408669849,1.1328439728532622,-0.04052351138405963,0.9408272509262746,-0.33602347185223447,0.01703394563761675,1
left_side_row_03,17,1.3023864189765906,3.9662944627709136,1.1343563167722843,-0.019442917168814244,0.9426746533046575,-0.33314474164323254,-0.0010257213921852513,1
left_side_row_03,18,1.2372330447570943,3.968994779865966,1.130888211628078,-0.02042383623937435,0.9391078639224592,-0.34292064484700124,0.008044760405387137,1
left_side_row_03,19,1.1773409733741893,3.9659641798636587,1.1311589707841556,-0.024516623954733505,0.9390099298290722,-0.3429524499334407,0.006550108160489589,1
left_side_row_03,20,1.117448893550501,3.962933638865232,1.131429729846071,-0.024516623954733505,0.9390099298290722,-0.3429524499334407,0.006550108160489589,1
left_side_row_03,21,1.057556822167596,3.959903038862924,1.1317004890021483,-0.0245168019282734,0.9390099251823415,-0.3429524511748973,0.0065500431596202105,1
left_side_row_03,22,0.9976647592254744,3.956872379856735,1.1319712482523878,-0.0245168019282734,0.9390099251823415,-0.3429524511748973,0.0065500431596202105,1
left_side_row_03,23,0.9377726878425694,3.9538417798544274,1.1322420074084654,-0.024516793760978647,0.9390099253955829,-0.3429524511179266,0.006550046142542629,1
left_side_row_03,24,0.8778806164596644,3.9508111798521197,1.1325127665645427,-0.024516615787395037,0.9390099300423131,-0.342952449876469,0.006550111143427946,1
left_side_row_03,25,0.8179885281951929,3.9477806978575742,1.1327835255322962,-0.024516623931946917,0.9390099442462106,-0.3429524104959461,0.00655010631425815,1
left_side_row_03,26,0.7580964568122879,3.9447500978552665,1.1330542846883735,-0.03405704821564186,0.9387123323404578,-0.34300128440082533,0.00306487816388682,1
left_side_row_03,27,0.6809482838704205,4.007029380545961,1.0452016389023546,-0.04607233216199534,0.8502034285712485,-0.5237929265791774,0.025931454268305235,1
left_side_row_03,28,0.6215265160520501,4.000711202294382,1.0454776445803529,-0.046280093589448165,0.8501921374859313,-0.5237992592840176,0.02580345457433886,1
left_side_row_03,29,0.5621219271604815,3.994398250779507,1.0457533244728918,-0.0460683286669886,0.8502032896617567,-0.5237952221808653,0.025896728802211867,1
left_side_row_03,30,0.5032173725959335,3.990324052317874,1.0418581420186268,-0.044839765661653694,0.845877790754637,-0.5308867940941374,0.025285774259679997,1
left_side_row_03,31,0.4437689487838662,3.9841922083229298,1.0421338503328248,-0.04473688918547087,0.8458832379368587,-0.5308837148973716,0.025350340830624343,1
left_side_row_03,32,0.384320524971799,3.9780603643279857,1.0424095586470228,-0.044736797168875034,0.8458832428034074,-0.5308837121397159,0.02535039858104398,1
left_side_row_03,33,0.3248721011597318,3.9719285203330417,1.0426852669612205,-0.04473689046637835,0.8458832309741121,-0.5308837257333362,0.025350343975733252,1
left_side_row_03,34,0.26542368685380985,3.9657965572753024,1.0429609754986033,-0.04473689046637835,0.8458832309741121,-0.5308837257333362,0.025350343975733252,1
left_side_row_03,35,0.20597526304174263,3.959664713280358,1.0432366838128013,-0.04473679844978821,0.8458832358406607,-0.5308837229756804,0.02535040172615098,1
left_side_row_03,36,0.14652683922967547,3.953532869285414,1.0435123921269993,-0.04473689046637835,0.8458832309741121,-0.5308837257333362,0.025350343975733252,1
left_side_row_03,37,0.08707841541760819,3.94740102529047,1.043788100441197,-0.04473689046637835,0.8458832309741121,-0.5308837257333362,0.025350343975733252,1
left_side_row_03,38,0.027629991605541027,3.9412691812955254,1.044063808755395,-0.044967401655214186,0.845871008251366,-0.5308906142794853,0.02520567115049841,1
left_side_row_03,39,-0.03293676176029614,3.934861182225492,1.0443617511577452,-0.04647570873173157,0.8458126935651495,-0.530781950157337,0.026672406886590165,1
left_side_row_03,40,-0.09234659857251204,3.9284598127216404,1.0446378894648116,-0.04666551310078123,0.8458022428352217,-0.5307879222439161,0.026553295500483597,1
left_side_row_03,41,-0.15175649438809924,3.922058434777523,1.044914028050764,-0.04666542264933608,0.8458022478257013,-0.5307879194042613,0.02655335226379294,1
left_side_row_03,42,-0.2111663607020008,3.9156570610535386,1.0451901664972734,-0.04666551470071327,0.8458022427469485,-0.5307879222941448,0.026553294496437306,1
left_side_row_03,43,-0.2705762270159022,3.909255687329554,1.045466304943783,-0.04666551470071327,0.8458022427469485,-0.5307879222941448,0.026553294496437306,1
left_side_row_03,44,-0.3299860933298039,3.9028543136055696,1.0457424433902924,-0.04666542264933608,0.8458022478257013,-0.5307879194042613,0.02655335226379294,1
left_side_row_03,45,-0.38939595964370544,3.896452939881585,1.0460185818368017,-0.04666551470071327,0.8458022427469485,-0.5307879222941448,0.026553294496437306,1
left_side_row_03,46,-0.448805825957607,3.8900515661576005,1.0462947202833113,-0.0462212136018769,0.8458266391591247,-0.5307739007824976,0.026832110429128316,1
left_side_row_03,47,-0.5071507586886678,3.8883121504272733,1.037372206264749,-0.043670285236494,0.836197692137522,-0.5460869860845027,0.025599403906914453,1
left_side_row_03,48,-0.5666138863452631,3.882283091193272,1.0376477505486303,-0.043545683236035006,0.8362041901475152,-0.5460831654639635,0.025680775846976252,1
left_side_row_03,49,-0.6260769971202919,3.876253913951509,1.0379232950208357,-0.04354947260785256,0.8362039928057823,-0.5460832818342618,0.025678301197068622,1
left_side_row_03,50,-0.6879595979739311,3.870020534439299,1.0380847882722923,-0.046709390714369706,0.8359116662298995,-0.5461144836124074,0.02879044752341956,1
left_side_row_03,51,-0.7473424285409987,3.8634305927514614,1.0383612273818745,-0.04750452216755534,0.835866856200069,-0.5461416231588195,0.028270948574380835,1
left_side_row_03,52,-0.8067253939963756,3.8568407521908554,1.0386376668609045,-0.047504354042943044,0.835866865755018,-0.5461416174724456,0.028271058424229487,1
left_side_row_03,53,-0.8661082414450098,3.8502509285107798,1.0389141057821627,-0.047504354042943044,0.835866865755018,-0.5461416174724456,0.028271058424229487,1
left_side_row_03,54,-0.9254911900188197,3.8436609699424116,1.039190545449517,-0.04750452216755534,0.835866856200069,-0.5461416231588195,0.028270948574380835,1
left_side_row_03,55,-0.9848740205858876,3.8370710282545737,1.0394669845590991,-0.04750452216755534,0.835866856200069,-0.5461416231588195,0.028270948574380835,1
left_side_row_03,56,-1.0442569860412645,3.8304811876939677,1.0397434240381291,-0.04750443810524811,0.8358668609775479,-0.5461416203156353,0.02827100349930617,1
left_side_row_03,57,-1.1036398166083319,3.8238912460061303,1.0400198631477113,-0.04905255252769971,0.8357774392807406,-0.5461930471664413,0.027259389334371924,1
left_side_row_03,58,-1.1747569605611372,3.838504000887009,0.9273348734511284,0.05180336818661428,-0.7046463810985701,0.7059954886414695,-0.048582493422047415,1
left_side_row_03,59,-1.2338727922705046,3.830047648431,0.927614291095141,0.05180336818661428,-0.7046463810985701,0.7059954886414695,-0.048582493422047415,1
left_side_row_03,60,-1.2929887419866142,3.821591279094461,0.9278937092969258,0.05180336818661428,-0.7046463810985701,0.7059954886414695,-0.048582493422047415,1
left_side_row_03,61,-1.3521045736959811,3.813134926638452,0.9281731269409385,0.05180336818661428,-0.7046463810985701,0.7059954886414695,-0.048582493422047415,1
left_side_row_03,62,-1.4112205234120907,3.8046785573019126,0.9284525451427232,0.05180336818661428,-0.7046463810985701,0.7059954886414695,-0.048582493422047415,1
left_side_row_03,63,-1.4703363382398908,3.7962220868381413,0.92873196297506,0.05180336818661428,-0.7046463810985701,0.7059954886414695,-0.048582493422047415,1
left_side_row_03,64,-1.5294531945684278,3.7877653482997173,0.9290122204705218,0.05180483842715191,-0.704647323987107,0.705994348848101,-0.04858381322921771,1
left_side_row_03,65,-1.5885692285281467,3.7793087260671228,0.929291639606727,0.05180483842715191,-0.704647323987107,0.705994348848101,-0.04858381322921771,1
left_side_row_03,66,-1.6476851444811231,3.770852120715059,0.92957105818516,0.05180485374479723,-0.7046473228609718,0.7059943499042173,-0.04858379788229071,1
left_side_row_03,67,-1.7148600677938863,3.740181880450186,1.0312877779702194,-0.07593700475740064,0.8213271093454401,-0.5629632110576988,0.05222809357369899,1
left_side_row_04,0,-1.6888754394628749,3.7093544231835858,1.1569253401227206,0.7929716429907154,0.04432005197346932,0.031002852063625987,0.606852971954159,1
left_side_row_04,1,-1.6294724859041696,3.715802856683923,1.1566491273715418,0.7929716455032172,0.044320007019917236,0.031002886466112944,0.6068529701966068,1
left_side_row_04,2,-1.5700692794504127,3.7222512059375585,1.1563729136931429,0.7929716451081801,0.044320014087905354,0.031002881057055003,0.6068529704729445,1
left_side_row_04,3,-1.5106660729966555,3.728699555191195,1.1560967000147437,0.7928336829479934,0.046723064726601614,0.029163553190730558,0.6069441436993736,1
left_side_row_04,4,-1.470785552316189,3.7258695712584933,1.1835788497800415,0.8214988663438579,0.07405580215633295,0.05351725502596691,0.5628421218931858,1
left_side_row_04,5,-1.3894488830663727,3.741074956364226,1.1772216247128928,0.8169181669658211,0.04625723691349773,0.023341054201069182,0.5744215975249487,1
left_side_row_04,6,-1.3299669747490213,3.746973153430127,1.176946289001585,0.8171613881834042,0.04174073726996476,0.02651600824902711,0.5742837955409058,1
left_side_row_04,7,-1.2704851844384133,3.7528713336154977,1.1766709538480493,0.8171613881834042,0.04174073726996476,0.02651600824902711,0.5742837955409058,1
left_side_row_04,8,-1.211003259239496,3.7587694126736366,1.1763956183250657,0.8171613917249391,0.041740667937028304,0.02651605697475293,0.5742837932911247,1
left_side_row_04,9,-1.1515214520473207,3.7646674748512448,1.176120283359854,0.8171613917249391,0.041740667937028304,0.02651605697475293,0.5742837932911247,1
left_side_row_04,10,-1.0920395437299697,3.7705656719171463,1.1758449476485464,0.8171613881834042,0.04174073726996476,0.02651600824902711,0.5742837955409058,1
left_side_row_04,11,-1.0325577365377945,3.7764637340947544,1.1755696126833348,0.8171613917249391,0.041740667937028304,0.02651605697475293,0.5742837932911247,1
left_side_row_04,12,-0.9730758113388772,3.7823618131528933,1.1752942771603512,0.8171613917249391,0.041740667937028304,0.02651605697475293,0.5742837932911247,1
left_side_row_04,13,-0.913594021028269,3.788259993338264,1.1750189420068156,0.8171613881834042,0.04174073726996476,0.02651600824902711,0.5742837955409058,1
left_side_row_04,14,-0.8541120958293512,3.794158072396403,1.174743606483832,0.8173233952376261,0.03843814619499658,0.028836543588196376,0.5741719518299527,1
left_side_row_04,15,-0.7680863070461575,3.717401809703937,1.292047398681603,0.937681904551217,0.01422501974336399,-0.006378037131765805,0.3471449485918659,1
left_side_row_04,16,-0.7208273560712458,3.7429627238053813,1.267958374730872,0.9145421232075255,0.02291339348135366,0.013878029318454861,0.4036026283121509,1
left_side_row_04,17,-0.6556855829554938,3.7467530439549974,1.267646689301963,0.9145399513969984,0.02138576870272328,0.004161736936070466,0.4039084130609864,1
left_side_row_04,18,-0.5956843132410033,3.7490207322144506,1.2673771473824957,0.9146092204062412,0.018183722174468807,0.005575843844596466,0.40389136678219556,1
left_side_row_04,19,-0.5356830856483178,3.751288294025876,1.267107605930239,0.9146092237538626,0.018183553794224778,0.005575918201300044,0.4038913657556718,1
left_side_row_04,20,-0.4756818749371986,3.7535559738450637,1.266838064289658,0.9146092207234834,0.01818370621773669,0.005575850891088233,0.40389136668491665,1
left_side_row_04,21,-0.4156806642260795,3.7558236536642515,1.266568522649077,0.9146092207234834,0.01818370621773669,0.005575850891088233,0.40389136668491665,1
left_side_row_04,22,-0.35567943663339396,3.7580912154756767,1.2662989811968204,0.9146092237538626,0.018183553794224778,0.005575918201300044,0.4038913657556718,1
left_side_row_04,23,-0.2956782174814916,3.760358836290983,1.2660294396504015,0.9146092207234834,0.01818370621773669,0.005575850891088233,0.40389136668491665,1
left_side_row_04,24,-0.2356770067703725,3.762626516110171,1.2657598980098206,0.9146092176930786,0.01818385864126386,0.005575783580869314,0.4038913676141503,1
left_side_row_04,25,-0.17567579605925343,3.764894195929359,1.2654903563692397,0.9146068796977883,0.01830107684552976,0.005524019918188129,0.4038920789019176,1
left_side_row_04,26,-0.11588483675786376,3.7552093498824366,1.277580824020594,0.9265686719185339,0.019560770995955736,0.005894247297234198,0.37557040658971913,1
left_side_row_04,27,-0.05591490758969608,3.7576956980851235,1.2773109334154011,0.9265583374436405,0.02004432230105884,0.005698245306329544,0.37557343151186406,1
left_side_row_04,28,0.004054975195219246,3.76018216007544,1.2770410427613272,0.9265514854508797,0.02035859404773142,0.005570856829752351,0.37557534265623765,1
left_side_row_04,29,0.0631982498585798,3.762704282125245,1.276814890522307,0.9264522120457863,0.026016758120171304,0.004842613274890689,0.37548099311290817,1
left_side_row_04,30,0.1029112949459478,3.8381709792818874,1.158707924132892,0.804239413410309,0.042089895035867804,0.031139964051928835,0.5919946868783167,1
left_side_row_04,31,0.16233012537172592,3.8445096908841028,1.1584318856864952,0.8041278782530058,0.044169545650906424,0.029608940884722136,0.5920732364099872,1
left_side_row_04,32,0.2216747444858162,3.851037543918973,1.1576125098990604,0.8035225253533544,0.044203629964555784,0.029717668223137022,0.5928865410372411,1
left_side_row_04,33,0.28109197116276513,3.8573874662586047,1.1573364535618713,0.8035218090330964,0.044216649131920714,0.02970806190167482,0.5928870224636149,1
left_side_row_04,34,0.3380492483231975,3.863552817594104,1.1568770999932387,0.8031611630578722,0.04698198016708116,0.033134698341538,0.5929813921708854,1
left_side_row_04,35,0.399671620181664,3.870800324900225,1.1550186039101273,0.8015441017307732,0.0444606583804529,0.02995998637010596,0.5955272471127477,1
left_side_row_04,36,0.45908370642157637,3.87718618060347,1.154742490228241,0.8015511878808512,0.04433272346486089,0.030055038014526594,0.5955224576176201,1
left_side_row_04,37,0.5184957926614888,3.883572036306715,1.1544663765463545,0.8015511878808512,0.04433272346486089,0.030055038014526594,0.5955224576176201,1
left_side_row_04,38,0.5779078789014012,3.88995789200996,1.154190262864468,0.8015474094947939,0.044400985295378975,0.03000432180727083,0.5955250150160531,1
left_side_row_04,39,0.635892928712099,3.896264692582691,1.1538951046494494,0.801423340530967,0.046224006301330334,0.031815670032065535,0.5954592627829808,1
left_side_row_04,40,0.6952600318870221,3.9029651000863517,1.1536184889198746,0.8014093864090932,0.0464653083682939,0.031636379079229435,0.5954688153147866,1
left_side_row_04,41,0.7546270865479692,3.9096657414954707,1.153341872883373,0.8014093796792565,0.046465424440856856,0.031636292834180034,0.5954688198968524,1
left_side_row_04,42,0.8139941580904828,3.9163662648968267,1.1530652570351956,0.8014093830441769,0.046465366404574646,0.03163633595670546,0.5954688176058212,1
left_side_row_04,43,0.8733612296329964,3.923066788298183,1.152788641187018,0.8014093813277302,0.046465306650345484,0.031636379339449364,0.5954688222737481,1
left_side_row_04,44,0.932728288555391,3.9297671894716446,1.152512025666608,0.8014093864590653,0.046465307506400995,0.03163637971963915,0.5954688152807626,1
left_side_row_04,45,0.9920953600979048,3.936467712873001,1.1522354098184304,0.8014093830441769,0.046465366404574646,0.03163633595670546,0.5954688176058212,1
left_side_row_04,46,1.0514624316404184,3.9431682362743574,1.151958793970253,0.8013825435478952,0.04692598856780366,0.031294070319327016,0.5954869030100404,1
left_side_row_04,47,1.1046700629834656,3.9516952769821123,1.1444016976223932,0.7928576015811156,0.052851822815691986,0.040215561264864697,0.6057773659293086,1
left_side_row_04,48,1.1705911165865845,3.9608247535346983,1.138123450860965,0.7478195937550476,0.247921920320971,-0.12981162131322985,0.6020378057833479,1
left_side_row_04,49,1.2383816589442105,4.1951159171608,1.220652509739085,0.823899536761168,0.30083881600235407,-0.1963380857549359,0.43833425167687035,1
left_side_row_04,50,1.5429740678553658,3.9338010032621495,1.1714087473244639,0.6959365949306671,-0.4440608248565248,-0.33805979797873525,0.4518825208553971,1
left_side_row_04,51,1.342182288030168,3.9813669946188055,1.1361890556116014,0.7848558673717478,-0.052258695191712216,0.12130749036822389,0.6054376838367136,1
left_side_row_04,52,1.401379377305123,3.98925145892666,1.1359080496375789,0.7847713219554727,0.05347139517533021,0.03901714405996232,0.616240573642849,1
left_side_row_04,53,1.4605771436159802,3.9971354821758913,1.1356295450867075,0.7848234706080492,0.05270045396837775,0.03962248547016212,0.6162019480490387,1
left_side_row_04,54,1.578009433692801,3.967560406764413,1.2222549859165424,0.8795913785317832,-0.015066059713707808,-0.037551085742755674,0.4740062622126425,1
left_side_row_04,55,1.6391547420191679,3.961830043051139,1.2219982083168792,0.8788062384598383,-0.04009457054027974,-0.024044877041389877,0.47488300090161656,1
left_side_row_04,56,1.7003001767930606,3.9560996372145145,1.221741430253606,0.8781823832452138,-0.051996933568203764,-0.017608968373054788,0.4751651764282574,1
left_side_row_04,57,1.7968195629559363,3.8670867162844136,1.2934518680575529,0.8209607635260293,-0.4779399637269919,0.05508782414777854,0.30750958920668486,1
left_side_row_04,58,1.973008937240662,3.3358504145378807,1.3220856560956247,0.780027642579465,-0.5868675487217051,-0.13553690976818977,0.16962636339846687,1
left_side_row_05,0,1.607886872369757,3.3178920208997367,1.4800305601635855,0.5744600856843302,0.7925899942032694,-0.1552906940044934,-0.13297184438826248,1
left_side_row_05,1,1.497411169947909,3.642418552711897,1.4805639129948298,0.5209802270380126,0.829548965487179,-0.15899758637937908,-0.12307674199499935,1
left_side_row_05,2,1.3858762492333503,3.792898629423741,1.4487566766728104,0.179174798367841,0.9328916744526533,-0.3084272393904108,-0.04982121404360235,1
left_side_row_05,3,1.30540093147345,3.8174260117296,1.4496790925112437,0.06412697184685438,0.948424083977041,-0.30569741072501344,-0.05411636989013404,1
left_side_row_05,4,1.170482288464211,3.918408211717688,1.2975208778099436,-0.05323353530499784,0.7928320643609412,-0.6057966573686316,0.03992390713710912,1
left_side_row_05,5,1.1112990656229988,3.9104225247812554,1.2977995446020523,-0.05466108700012218,0.7927349223592115,-0.6058675654733979,0.03883299560216498,1
left_side_row_05,6,1.0521158512225703,3.9024367788409418,1.298078211488323,-0.05466113929598789,0.7927349187532771,-0.6058675680351673,0.038832955633736586,1
left_side_row_05,7,0.9929326368221418,3.894451032900627,1.2983568783745936,-0.05466108700012218,0.7927349223592115,-0.6058675654733979,0.03883299560216498,1
left_side_row_05,8,0.9337494139809298,3.8864653459641945,1.2986355451667022,-0.05449415926334589,0.7927464147923227,-0.6058593749611796,0.038960572528501436,1
left_side_row_05,9,0.8806317318041829,3.877309741130805,1.3061936444835942,-0.047544511405096246,0.801346080440565,-0.5955108865861223,0.030834441055492302,1
left_side_row_05,10,0.8212646602616693,3.8706092177294487,1.3064702603317715,-0.046465424440856884,0.8014093796792565,-0.5954688198968526,0.03163629283418005,1
left_side_row_05,11,0.7618976056007222,3.86390857632033,1.3067468763682732,-0.046465424440856884,0.8014093796792565,-0.5954688198968526,0.03163629283418005,1
left_side_row_05,12,0.7025305340582085,3.857208052918973,1.3070234922164505,-0.0464653083682939,0.8014093864090932,-0.5954688153147866,0.031636379079229435,1
left_side_row_05,13,0.6431634308832854,3.850507645415313,1.3073001079460256,-0.04624733453066731,0.8014219946789384,-0.595460188637843,0.03179833707955019,1
left_side_row_05,14,0.5851817742674787,3.844177125282364,1.3075953040141943,-0.04442426221737829,0.801546119751981,-0.5955258860905966,0.029987027745248578,1
left_side_row_05,15,0.5257696880275663,3.837791269579119,1.3078714176960808,-0.044405861235249304,0.8015471393816905,-0.595525197526108,0.030000699133097962,1
left_side_row_05,16,0.46413934806965407,3.8305994619367927,1.3097298248902032,-0.04744479107632057,0.8031339480457893,-0.5930003989166588,0.03279298981171503,1
left_side_row_05,17,0.4048000973489342,3.823704461743204,1.3100067510965459,-0.04788188223103552,0.8031080077162133,-0.5930181583736007,0.03247025000351881,1
left_side_row_05,18,0.3454608550689976,3.816809402545734,1.3102836773970505,-0.04749834170633017,0.8031307912414033,-0.5930025726950662,0.03275344977462352,1
left_side_row_05,19,0.2885228313352981,3.8105094633573584,1.3107432457493524,-0.04445754958704899,0.8035085164060118,-0.5928959025389215,0.029530308164365342,1
left_side_row_05,20,0.22679755068931862,3.803597020138114,1.3116691022358746,-0.04707964932453095,0.8040807738884791,-0.5917445638650891,0.0328022380105301,1
left_side_row_05,21,0.16980948628516518,3.797292651681835,1.3118392189292,-0.044407708266637584,0.8041147609596491,-0.5920819799422566,0.0294335808383698,1
left_side_row_05,22,0.11039067274095371,3.790953822071857,1.312115257563921,-0.0445130554660133,0.8041089361770382,-0.5920858309730069,0.0293560115532679,1
left_side_row_05,23,0.048776790437876194,3.783682664078703,1.3134091868015563,-0.04909069824301721,0.8049715772816579,-0.5904636016708125,0.031041878432610543,1
left_side_row_05,24,-0.022764724965709582,3.7735773651648974,1.313760520526113,-0.06530253551047133,0.8038987802092901,-0.5893114529038859,0.04684379905846869,1
left_side_row_05,25,-0.08171328985153392,3.7639515515645923,1.3140418046016908,-0.06659121552784363,0.8037930579325783,-0.5893857928829519,0.04589898889576187,1
left_side_row_05,26,-0.1406618842390439,3.754325733744154,1.3143230888167117,-0.06659121492805815,0.8037930579822682,-0.5893857928487024,0.04589898933555794,1
left_side_row_05,27,-0.1996104786265538,3.744699915923716,1.3146043730317327,-0.06641511363454092,0.8038076278855482,-0.5893757228841852,0.04602811432878151,1
left_side_row_05,28,-0.237611133170195,3.726029107587362,1.3456045165789716,-0.04400096325915043,0.8387117017485052,-0.5425075017601215,0.01766938358815152,1
left_side_row_05,29,-0.297192988884846,3.7208299969454544,1.3458787363792508,-0.03778185763795317,0.8390148596127676,-0.5423615987058144,0.02169084672544404,1
left_side_row_05,30,-0.35677486148106363,3.715631004311309,1.3461529559912058,-0.037781771556628735,0.8390148634891095,-0.5423615964803721,0.021690902370709444,1
left_side_row_05,31,-0.41635672563649784,3.7104319526732823,1.346427175697323,-0.03778185763795317,0.8390148596127676,-0.5423615987058144,0.02169084672544404,1
left_side_row_05,32,-0.47593858979193226,3.705232901035256,1.34670139540344,-0.03778194371928193,0.8390148557364163,-0.542361600931251,0.021690791080175353,1
left_side_row_05,33,-0.5355204455065831,3.7000337903933485,1.3469756152037191,-0.03778185763795317,0.8390148596127676,-0.5423615987058144,0.02169084672544404,1
left_side_row_05,34,-0.5951022590994294,3.6948348061994682,1.3472498345367883,-0.03778177629974369,0.8390148632755219,-0.5423615966029949,0.021690899304633374,1
left_side_row_05,35,-0.6546841822582351,3.6896357461211764,1.3475240545217915,-0.03944057626910342,0.8389385223967055,-0.5424034230675522,0.020618516605115683,1
left_side_row_05,36,-0.7662846024405555,3.662309300745647,1.3687370197876199,-0.0931150843135846,0.8567907535144744,-0.4972573924301612,0.09987127434317447,1
left_side_row_05,37,-0.777318136419268,3.6734197284305123,1.3527964556756684,-0.046698053545873974,0.8435751878430011,-0.5344102327729519,0.024614982393482348,1
left_side_row_05,38,-0.8367603225745802,3.66724470203484,1.3530722326376114,-0.04493969896257305,0.8436706876539455,-0.5343577672667202,0.02572879345009652,1
left_side_row_05,39,-0.8962026267366349,3.6610696587586373,1.353348010157327,-0.04493969896257305,0.8436706876539455,-0.5343577672667202,0.02572879345009652,1
left_side_row_05,40,-0.9556448128919469,3.654894632362965,1.35362378711927,-0.04493969896257305,0.8436706876539455,-0.5343577672667202,0.02572879345009652,1
left_side_row_05,41,-1.0150871339355683,3.6487197070945245,1.3538995644506613,-0.044939789180435265,0.8436706828483174,-0.5343577700180236,0.0257287363085881,1
left_side_row_05,42,-1.0745293032093137,3.64254456269109,1.3541753416009286,-0.04493987939830044,0.8436706780426793,-0.5343577727693214,0.025728679167077214,1
left_side_row_05,43,-1.1339716073713686,3.6363695194148873,1.3544511191206439,-0.04493969896257305,0.8436706876539455,-0.5343577672667202,0.02572879345009652,1
left_side_row_05,44,-1.1934138104082472,3.630194611026978,1.354726895894263,-0.04493969896257305,0.8436706876539455,-0.5343577672667202,0.02572879345009652,1
left_side_row_05,45,-1.2528561145703017,3.624019567750775,1.3550026734139784,-0.07637177875581788,0.8414078423446032,-0.5349455603414154,0.0057828817799798265,1
left_side_row_05,46,-1.3626288884488207,3.436886947286878,1.488244658518205,-0.28298962070955513,0.9333262798743942,-0.20194070856460186,0.08965980197899587,1
left_side_row_05,47,-1.3730269267827926,3.3753042143900114,1.503532918637814,-0.28136792111514525,0.9480039692678125,-0.14695288303488452,0.022921984808245758,1
left_side_row_05,48,-1.4293656109853097,3.3474372306437234,1.5038441458402707,-0.22546498245683544,0.9628324988472456,-0.14535656786039794,0.031473624340913275,1
left_side_row_05,49,-1.4857049989585502,3.319572613557085,1.5041545364005482,-0.22546546820729804,0.9628323850996893,-0.1453565837388718,0.03147355100829499,1
left_side_row_05,50,-1.542044622945276,3.291707962709386,1.50446492807637,-0.2254653321014742,0.9628324169714397,-0.14535657928977455,0.03147357155587653,1
left_side_row_05,51,-1.5983841289252592,3.2638433287422175,1.5047753191944195,-0.532116617213788,0.8335063196135033,-0.14756599947832277,-0.018530964553175128,1
left_side_row_05,52,-1.650162037196965,3.012919677952966,1.5127334767963363,-0.6349816529730619,0.7667485169436947,-0.06444469878756563,0.06886140392427881,1
left_side_row_06,0,-1.0985281370259878,2.766068476947728,1.6575049453059412,0.7022172988800369,0.697341064558349,0.10022390280009207,0.10276903299034763,1
left_side_row_06,1,-1.0966603199307707,3.264401837152534,1.6376439232055096,0.747465084506742,0.6219664897343983,-0.0016459664631924096,0.23334721743616632,1
left_side_row_06,2,-1.042779971532564,3.309452626576595,1.6373071808797734,0.9138444000478091,0.33231999973050574,0.0774199270353562,0.22013174504877026,1
left_side_row_06,3,-0.9888959410479442,3.354511285448786,1.6369684974300043,0.9189097871446916,0.31804308892975686,0.08083085482516877,0.21890584638594907,1
left_side_row_06,4,-0.927242096756615,3.404118547454245,1.6345798348337517,0.9249011720440734,0.2939836046372705,0.06865728828785267,0.23112256255271807,1
left_side_row_06,5,-0.8723547431374942,3.4421342091324707,1.6342532440740916,0.9442756617858958,0.22408037040944054,0.08572834800833928,0.22534886843234303,1
left_side_row_06,6,-0.7663160945978261,3.6015796977323697,1.5062441556328947,0.8427305932102319,0.06005521204972001,0.016145579026258447,0.5347315579345402,1
left_side_row_06,7,-0.7068737735542047,3.6077546230008104,1.5059683783015034,0.8435406797045721,0.04733500723941059,0.02421066189121056,0.5344271349996956,1
left_side_row_06,8,-0.6659468141908514,3.6130331046867106,1.505535647586513,0.8419489060483174,0.06817359295866683,0.04994748678103065,0.5328974098186314,1
left_side_row_06,9,-0.5845811179009927,3.6263547156283966,1.5006912198880975,0.8387984348293738,0.04231535354217569,0.018759600625643785,0.5424708968845793,1
left_side_row_06,10,-0.5249993127489297,3.6315537588261577,1.5004170004608663,0.8388230075704018,0.04182541557656198,0.01907644729207091,0.5424598471233667,1
left_side_row_06,11,-0.4867859504658457,3.648737669357823,1.4694192297976583,0.8039324742199148,0.0648864150706988,0.04714883042165106,0.5892871268098341,1
left_side_row_06,12,-0.4278373560783356,3.658363487178261,1.4691379455826372,0.8037930529585826,0.06659127556671487,0.04589894487192066,0.5893857963113495,1
left_side_row_06,13,-0.36888876169082574,3.667989304998699,1.4688566613676162,0.8037930630059494,0.06659115428939986,0.04589903379919585,0.5893857893860518,1
left_side_row_06,14,-0.30994016730331575,3.677615122819137,1.4685753771525951,0.8037930579822682,0.06659121492805815,0.04589898933555794,0.5893857928487024,1
left_side_row_06,15,-0.25099157291580576,3.6872409406395747,1.4682940929375743,0.8037930529585826,0.06659127556671487,0.04589894487192066,0.5893857963113495,1
left_side_row_06,16,-0.19204297852829577,3.696866758460013,1.4680128087225532,0.8037930579822682,0.06659121492805815,0.04589898933555794,0.5893857928487024,1
left_side_row_06,17,-0.1330943841407859,3.706492576280451,1.4677315245075322,0.8037930579822682,0.06659121492805815,0.04589898933555794,0.5893857928487024,1
left_side_row_06,18,-0.07414578975327601,3.7161183941008886,1.4674502402925114,0.8037930579325783,0.06659121552784361,0.04589898889576186,0.5893857928829519,1
left_side_row_06,19,-0.015197224867451675,3.725744207701194,1.4671689562169334,0.8038987802092901,0.06530253551047134,0.04684379905846868,0.5893114529038859,1
left_side_row_06,20,0.05634429053613399,3.7358495066149997,1.4668176224923768,0.8049625036413128,0.04923925889792151,0.030932904922203106,0.5904693205474497,1
left_side_row_06,21,0.11569017571253659,3.742698129758013,1.466540770297417,0.8050592018266113,0.047632115632276595,0.03211166943029177,0.5904063886858718,1
left_side_row_06,22,0.17728886460565385,3.750075494737217,1.4652466715680652,0.8040907756232181,0.04483991418747425,0.029115332042528284,0.5920977149874546,1
left_side_row_06,23,0.23428349593922343,3.7563339581739705,1.465076628132826,0.8040605260351424,0.04742420046459433,0.03254866741164259,0.5917585655756156,1
left_side_row_06,24,0.29595370891488054,3.7636313427137615,1.4641501573329938,0.8034793758860461,0.04498113135577254,0.02914395243453906,0.5929150195299645,1
left_side_row_06,25,0.35287247922184717,3.7700658697550145,1.4636903741970222,0.8031227795090572,0.04763361563581018,0.032653567461853654,0.5930080810807896,1
left_side_row_06,26,0.41221172150178376,3.776960928952484,1.4634134478965173,0.8031080041800089,0.04788194154266242,0.032470206207576575,0.5930181607716118,1
left_side_row_06,27,0.4715509637817203,3.783855988149954,1.4631365215960126,0.8031080041800089,0.04788194154266242,0.032470206207576575,0.5930181607716118,1
left_side_row_06,28,0.5308902060616568,3.790751047347424,1.462859595295508,0.803108012620185,0.047881942004795376,0.032470205526093796,0.593018149341316,1
left_side_row_06,29,0.5902294557170148,3.7976461075999266,1.4625826689601424,0.8031303331765245,0.04750622946161645,0.0327476253911419,0.5930028828980063,1
left_side_row_06,30,0.6504339335799546,3.8047505985133467,1.4607052304504375,0.8013944477706186,0.04672224939774472,0.031445461555444046,0.595478927789393,1
left_side_row_06,31,0.7036456016660363,3.8132497367155223,1.45314817843207,0.7927911261377416,0.05383990842768892,0.039460557733167125,0.6058270041531137,1
left_side_row_06,32,0.8383455186573318,3.7137965042993746,1.6053039531117876,0.9493471571908121,-0.0485851611083722,-0.05911581456513843,0.30477004072266917,1
left_side_row_06,33,0.9098338843791874,3.6597641292912204,1.6257924271497541,0.9573451123876178,-0.1553206742439371,-0.051816752156088,0.23807739946484371,1
left_side_row_06,34,0.9736918958254503,3.6350712794894506,1.625565910932514,0.9021102617339909,-0.35613376297963906,0.00020780444394029364,0.2436509293179607,1
left_side_row_06,35,1.0830056674214477,3.422529812911179,1.6452012816092696,0.8298019074705147,-0.5359647761430307,-0.0915907482708638,0.12562518825231414,1
left_side_row_06,36,1.1812644780080297,3.1469962370808626,1.6462973874629685,0.8100711720118559,-0.566820873383297,-0.09544443148162556,0.11571151313280749,1
right_side_row_00,0,-1.3910790054731073,1.4286566154256832,0.40929807327842666,-0.6207902655909437,-0.02466123189210358,0.03478785311255147,0.7828161182965697,1
right_side_row_00,1,-1.3314816269116108,1.4337459535278776,0.4090240294562461,-0.6207902659120962,-0.02466122380782038,0.03478786330682726,0.7828161178435423,1
right_side_row_00,2,-1.2718839954550631,1.4388352073833708,0.40874998470684526,-0.6207902662332473,-0.024661215723569364,0.03478787350106249,0.7828161173905168,1
right_side_row_00,3,-1.212286380880082,1.4439245792466262,0.40847593976912033,-0.6207902660726718,-0.024661219765690863,0.03478786840394995,0.7828161176170295,1
right_side_row_00,4,-1.1526888674302769,1.4490138162215889,0.4082018955774917,-0.6207902659120962,-0.02466122380782038,0.03478786330682726,0.7828161178435423,1
right_side_row_00,5,-1.0930913708620382,1.4541031712043138,0.40792785119753894,-0.6207902364698822,-0.024661964937496166,0.03478692874274563,0.7828161593744324,1
right_side_row_00,6,-1.033509847844317,1.4591697846383622,0.4077389549268308,-0.5975185562768685,0.17062342294681052,0.27761611134963354,0.7326585269863639,1
right_side_row_00,7,-1.0032045782688384,1.7809974311197707,0.4709570023617547,0.705744214228652,0.048609141640363826,-0.05188224222458092,-0.7048904087682847,1
right_side_row_00,8,-0.8990890588640231,1.4745995244427674,0.4713772282981544,0.7059954886414695,0.048582493422047415,-0.05180336818661428,-0.7046463810985701,1
right_side_row_00,9,-0.8399732440362225,1.4830559949065383,0.47109781046581767,0.7059954886414695,0.048582493422047415,-0.05180336818661428,-0.7046463810985701,1
right_side_row_00,10,-0.780857294320113,1.4915123642430779,0.4708183922640329,0.7059954886414695,0.048582493422047415,-0.05180336818661428,-0.7046463810985701,1
right_side_row_00,11,-0.7217414626107458,1.4999687166990865,0.4705389746200203,0.7059954886414695,0.048582493422047415,-0.05180336818661428,-0.7046463810985701,1
right_side_row_00,12,-0.6626255128946362,1.5084250860356259,0.4702595564182355,0.7059954886414695,0.048582493422047415,-0.05180336818661428,-0.7046463810985701,1
right_side_row_00,13,-0.6035096643037027,1.5168813204838725,0.46998013896254703,0.7059954886414695,0.048582493422047415,-0.05180336818661428,-0.7046463810985701,1
right_side_row_00,14,-0.5443937145875929,1.5253376898204118,0.46970072076076225,0.7059954886414695,0.048582493422047415,-0.05180336818661428,-0.7046463810985701,1
right_side_row_00,15,-0.48527788287822593,1.5337940422764207,0.4694213031167496,0.7059954886414695,0.048582493422047415,-0.05180336818661428,-0.7046463810985701,1
right_side_row_00,16,-0.42616193316211615,1.54225041161296,0.46914188491496484,0.7059954886414695,0.048582493422047415,-0.05180336818661428,-0.7046463810985701,1
right_side_row_00,17,-0.41214688083786544,1.8654569244227117,0.46828718223354904,0.7059097148981817,0.04848784927152235,-0.05171324964963221,-0.7047454453177153,1
right_side_row_00,18,-0.30715498396047036,1.5537444529772784,0.4685916965365409,0.7059954886414695,0.048582493422047415,-0.05180336818661428,-0.7046463810985701,1
right_side_row_00,19,-0.248039093247732,1.5622008138735526,0.4683122786136422,0.7059954886414695,0.048582493422047415,-0.05180336818661428,-0.7046463810985701,1
right_side_row_00,20,-0.18892320253499362,1.5706571747698266,0.4680328606907435,0.7059954886414695,0.048582493422047415,-0.05180336818661428,-0.7046463810985701,1
right_side_row_00,21,-0.12980731182225524,1.5791135356661008,0.46775344276784486,0.7059954886414695,0.048582493422047415,-0.05180336818661428,-0.7046463810985701,1
right_side_row_00,22,-0.07069142110951687,1.5875698965623748,0.46747402484494616,0.7059954886414695,0.048582493422047415,-0.05180336818661428,-0.7046463810985701,1
right_side_row_00,23,-0.01157553039677861,1.5960262574586488,0.46719460692204745,0.7059954886414695,0.048582493422047415,-0.05180336818661428,-0.7046463810985701,1
right_side_row_00,24,0.04754036031595976,1.604482618354923,0.46691518899914874,0.7059954886414695,0.048582493422047415,-0.05180336818661428,-0.7046463810985701,1
right_side_row_00,25,0.10665625102869813,1.612938979251197,0.46663577107625004,0.7059954886414695,0.048582493422047415,-0.05180336818661428,-0.7046463810985701,1
right_side_row_00,26,0.1657721417414365,1.621395340147471,0.46635635315335133,0.7059954886414695,0.048582493422047415,-0.05180336818661428,-0.7046463810985701,1
right_side_row_00,27,0.22488803245417477,1.6298517010437452,0.4660769352304526,0.7059954886414695,0.048582493422047415,-0.05180336818661428,-0.7046463810985701,1
right_side_row_00,28,0.2840038936652276,1.6383080577198865,0.465797517446997,0.7059954886414695,0.048582493422047415,-0.05180336818661428,-0.7046463810985701,1
right_side_row_00,29,0.34311978437796586,1.6467644186161607,0.4655180995240983,0.7059954886414695,0.048582493422047415,-0.05180336818661428,-0.7046463810985701,1
right_side_row_00,30,0.40223567509070424,1.6552207795124347,0.4652386816011996,0.7059954886414695,0.048582493422047415,-0.05180336818661428,-0.7046463810985701,1
right_side_row_00,31,0.46135156580344255,1.6636771404087087,0.4649592636783009,0.7059954886414695,0.048582493422047415,-0.05180336818661428,-0.7046463810985701,1
right_side_row_00,32,0.5204674565161809,1.672133501304983,0.4646798457554022,0.7059954886414695,0.048582493422047415,-0.05180336818661428,-0.7046463810985701,1
right_side_row_00,33,0.5795833472289192,1.680589862201257,0.4644004278325035,0.7059954886414695,0.048582493422047415,-0.05180336818661428,-0.7046463810985701,1
right_side_row_00,34,0.6386992379416576,1.689046223097531,0.4641210099096048,0.7059954886414695,0.048582493422047415,-0.05180336818661428,-0.7046463810985701,1
right_side_row_00,35,0.697815128654396,1.6975025839938052,0.4638415919867061,0.7059954886414695,0.048582493422047415,-0.05180336818661428,-0.7046463810985701,1
right_side_row_00,36,0.7569310193671344,1.7059589448900792,0.4635621740638074,0.7059954886414695,0.048582493422047415,-0.05180336818661428,-0.7046463810985701,1
right_side_row_00,37,0.8160469100798726,1.7144153057863534,0.46328275614090875,0.7059954886414695,0.048582493422047415,-0.05180336818661428,-0.7046463810985701,1
right_side_row_00,38,0.875162800792611,1.7228716666826274,0.46300333821801004,0.7059954886414695,0.048582493422047415,-0.05180336818661428,-0.7046463810985701,1
right_side_row_00,39,0.934278708386916,1.731327909571139,0.46272392048343547,0.7059954886414695,0.048582493422047415,-0.05180336818661428,-0.7046463810985701,1
right_side_row_00,40,0.9933945990996543,1.7397842704674131,0.46244450256053676,0.7059954886414695,0.048582493422047415,-0.05180336818661428,-0.7046463810985701,1
right_side_row_00,41,1.052510472930826,1.7482407493714496,0.4621650844493139,0.7059954886414695,0.048582493422047415,-0.05180336818661428,-0.7046463810985701,1
right_side_row_00,42,1.1116263805251312,1.7566969922599611,0.46188566671473935,0.7059954886414695,0.048582493422047415,-0.05180336818661428,-0.7046463810985701,1
right_side_row_00,43,1.1707422543563029,1.7651534711639978,0.4616062486035165,0.7059954886414695,0.048582493422047415,-0.05180336818661428,-0.7046463810985701,1
right_side_row_00,44,1.2298581155673554,1.773609827840139,0.4613268308200609,0.7059954886414695,0.048582493422047415,-0.05180336818661428,-0.7046463810985701,1
right_side_row_00,45,1.2889740062800938,1.7820661887364133,0.46104741289716217,0.7059954886414695,0.048582493422047415,-0.05180336818661428,-0.7046463810985701,1
right_side_row_00,46,1.348089896992832,1.7905225496326873,0.46076799497426346,0.7059954886414695,0.048582493422047415,-0.05180336818661428,-0.7046463810985701,1
right_side_row_00,47,1.4072057877055704,1.7989789105289613,0.4604885770513648,0.7059954886414695,0.048582493422047415,-0.05180336818661428,-0.7046463810985701,1
right_side_row_00,48,1.4663216784183088,1.8074352714252355,0.4602091591284661,0.7059954886414695,0.048582493422047415,-0.05180336818661428,-0.7046463810985701,1
right_side_row_00,49,1.525437569131047,1.8158916323215095,0.4599297412055674,0.7059954886414695,0.048582493422047415,-0.05180336818661428,-0.7046463810985701,1
right_side_row_00,50,1.5845534598437854,1.8243479932177835,0.4596503232826687,0.7059954886414695,0.048582493422047415,-0.05180336818661428,-0.7046463810985701,1
right_side_row_00,51,1.6436693505565239,1.8328043541140577,0.45937090535977,0.7059954886414695,0.048582493422047415,-0.05180336818661428,-0.7046463810985701,1
right_side_row_00,52,1.7027852412692623,1.8412607150103317,0.4590914874368713,0.7059954886414695,0.048582493422047415,-0.05180336818661428,-0.7046463810985701,1
right_side_row_00,53,1.7619011319820008,1.849717075906606,0.4588120695139726,0.7059954886414695,0.048582493422047415,-0.05180336818661428,-0.7046463810985701,1
right_side_row_00,54,1.7752145384666669,2.178348447612142,0.4580216961223661,0.7059954886414695,0.048582493422047415,-0.05180336818661428,-0.7046463810985701,1
right_side_row_00,55,1.8343303701760338,2.186804800068151,0.45774227847835347,0.7059954886414695,0.048582493422047415,-0.05180336818661428,-0.7046463810985701,1
right_side_row_00,56,1.9384738303999507,1.8805039034018247,0.45796516950561,0.7059954886414695,0.048582493422047415,-0.05180336818661428,-0.7046463810985701,1
right_side_row_00,57,1.9975899979342717,1.8889604238436575,0.4576854519803669,0.7059950694180195,0.048582989425984636,-0.05180391943005498,-0.7046467264009427,1
right_side_row_00,58,2.0567059307688145,1.897416911187959,0.457406033590258,0.7059950694180195,0.048582989425984636,-0.05180391943005498,-0.7046467264009427,1
right_side_row_00,59,2.115821762478182,1.905873263643968,0.45712661594624543,0.7059950694180195,0.048582989425984636,-0.05180391943005498,-0.7046467264009427,1
right_side_row_00,60,2.1749376953127246,1.9143297509882697,0.4568471975561365,0.7059950694180195,0.048582989425984636,-0.05180391943005498,-0.7046467264009427,1
right_side_row_00,61,2.2340539834812025,1.9227862896376933,0.45656807551230083,0.7059954115993824,0.04858354140600486,-0.05180441817657819,-0.7046463088404393,1
right_side_row_00,62,2.2931699163157457,1.9312427769819949,0.4562886571221919,0.7059954115993824,0.04858354140600486,-0.05180441817657819,-0.7046463088404393,1
right_side_row_00,63,2.3522857142619795,1.9396993654535282,0.45600923910153107,0.7059954115993824,0.04858354140600486,-0.05180441817657819,-0.7046463088404393,1
right_side_row_00,64,2.4114008041677577,1.9481558526418778,0.4557298244275032,0.7059954886414695,0.048582493422047415,-0.05180336818661428,-0.7046463810985701,1
right_side_row_00,65,2.4254892773034173,2.2713684090308917,0.45494809924936647,0.7059954886414695,0.048582493422047415,-0.05180336818661428,-0.7046463810985701,1
right_side_row_00,66,2.6543208425049425,2.0226744526612497,0.492225853167371,-0.5392095813587308,0.5255688728301422,0.6494320071783105,0.10615298081234964,1
right_side_row_00,67,2.708888442534891,2.0629244564298954,0.49189569723641724,0.7155272622407174,0.23450021259544182,-0.20667976518882603,-0.6247510399707132,1
right_side_row_00,68,2.7876395716921096,2.1275757132214266,0.4992600901251491,0.7094107172065813,0.2783041633098859,-0.240940745142957,-0.6010247784632384,1
right_side_row_00,69,2.853569503835682,2.192512628770904,0.4835995849910053,0.6836206617773406,0.2933333461040978,-0.2667845370466525,-0.6127351382508496,1
right_side_row_00,70,2.905938727010349,2.248130859305279,0.48324490295674644,0.6825087361869091,0.29591128091720953,-0.26447013925714785,-0.6137376347396248,1
right_side_row_00,71,3.0225304462281635,2.429850267338904,0.4623930127996536,0.5782020763879878,0.4271988028120128,-0.42257134608781716,-0.5519211893034484,1
right_side_row_01,0,3.021235773264472,2.443966641506303,0.6157024663651858,-0.4263748899326877,0.5788099096407092,0.5513188003557605,-0.42335696771269465,1
right_side_row_01,1,2.903584651333266,2.269652810594363,0.6365425382415386,-0.29367560172124185,0.6834737025659305,0.6128686418349159,-0.2664777039639714,1
right_side_row_01,2,2.8371138506766775,2.2084967457404745,0.6521970096589007,-0.27946349401026815,0.7089548141586632,0.6014178510209528,-0.23995790353761456,1
right_side_row_01,3,2.783937021795576,2.1585239475495444,0.6525426823609715,-0.2791889656109492,0.7090629693364757,0.6013248941877554,-0.24019075466577233,1
right_side_row_01,4,2.706211296007942,2.086704781335906,0.645189758270142,-0.23612887068102453,0.7149914469054213,0.6252200332029394,-0.20525666216888466,1
right_side_row_01,5,2.624740706406126,2.03175992140231,0.6508062262419549,-0.1956415786026522,0.7335795789018371,0.6285577319289484,-0.16882106436224617,1
right_side_row_01,6,2.517995293209562,1.98759721309421,0.6829430583940477,-0.1366333631195998,0.7839494142557512,0.5980199011352408,-0.09553448496165706,1
right_side_row_01,7,2.4604842401048908,1.9679229247483985,0.6832403783181246,0.25096722180626907,0.7551561518044799,0.48144168814185695,-0.36738064849663943,1
right_side_row_01,8,2.3079333829951074,2.2547971923931582,0.6088384012557929,-0.04858249342204741,0.7059954886414697,0.7046463810985701,-0.051803368186614275,1
right_side_row_01,9,2.2938406577093082,1.9315829302449812,0.6096115658022326,-0.048547395742212486,0.705987076215895,0.704655465147173,-0.051827348195738664,1
right_side_row_01,10,2.23472908389799,1.923127316899147,0.6098969831738357,-0.04858225630317343,0.7059922632503621,0.7046496126501881,-0.05180359056150351,1
right_side_row_01,11,2.175613252188623,1.9146709644431383,0.6101764008178483,-0.04858225629833531,0.7059922632506951,0.7046496126498331,-0.05180359056633238,1
right_side_row_01,12,2.116498156699159,1.9062146009689107,0.6104583782720238,-0.04858354140608496,0.7059954115993765,0.7046463088404338,-0.05180441817665845,1
right_side_row_01,13,2.0573815158241606,1.8977580123414253,0.6107378000087657,-0.04858249342204741,0.7059954886414697,0.7046463810985701,-0.051803368186614275,1
right_side_row_01,14,1.953238038718677,2.204059027015514,0.610514908793185,-0.04858249342204741,0.7059954886414697,0.7046463810985701,-0.051803368186614275,1
right_side_row_01,15,1.8941222238908768,2.195602556551743,0.6107943266255218,-0.04858249342204741,0.7059954886414697,0.7046463810985701,-0.051803368186614275,1
right_side_row_01,16,1.8808088174062103,1.8669711848462063,0.6115847000171283,-0.04858249342204741,0.7059954886414697,0.7046463810985701,-0.051803368186614275,1
right_side_row_01,17,1.8216929856968433,1.8585148323901977,0.6118641176611409,-0.04858249342204741,0.7059954886414697,0.7046463810985701,-0.051803368186614275,1
right_side_row_01,18,1.7625770359807338,1.8500584630536583,0.6121435358629257,-0.04858249342204741,0.7059954886414697,0.7046463810985701,-0.051803368186614275,1
right_side_row_01,19,1.7034611452679953,1.841602102157384,0.6124229537858245,-0.04858249342204741,0.7059954886414697,0.7046463810985701,-0.051803368186614275,1
right_side_row_01,20,1.6443452545552573,1.83314574126111,0.6127023717087231,-0.04858249342204741,0.7059954886414697,0.7046463810985701,-0.051803368186614275,1
right_side_row_01,21,1.5852293638425188,1.8246893803648359,0.6129817896316218,-0.04858249342204741,0.7059954886414697,0.7046463810985701,-0.051803368186614275,1
right_side_row_01,22,1.5261134731297803,1.8162330194685619,0.6132612075545205,-0.04858249342204741,0.7059954886414697,0.7046463810985701,-0.051803368186614275,1
right_side_row_01,23,1.466997582417042,1.8077766585722879,0.6135406254774192,-0.04858249342204741,0.7059954886414697,0.7046463810985701,-0.051803368186614275,1
right_side_row_01,24,1.4078816917043038,1.7993202976760136,0.6138200434003179,-0.04858249342204741,0.7059954886414697,0.7046463810985701,-0.051803368186614275,1
right_side_row_01,25,1.3487658009915653,1.7908639367797397,0.6140994613232166,-0.04858249342204741,0.7059954886414697,0.7046463810985701,-0.051803368186614275,1
right_side_row_01,26,1.2896499102788268,1.7824075758834657,0.6143788792461153,-0.04858249342204741,0.7059954886414697,0.7046463810985701,-0.051803368186614275,1
right_side_row_01,27,1.2305340195660888,1.7739512149871914,0.614658297169014,-0.04858249342204741,0.7059954886414697,0.7046463810985701,-0.051803368186614275,1
right_side_row_01,28,1.1714181583550358,1.7654948583110501,0.6149377149524696,-0.04858249342204741,0.7059954886414697,0.7046463810985701,-0.051803368186614275,1
right_side_row_01,29,1.1123022676422976,1.757038497414776,0.6152171328753684,-0.04858249342204741,0.7059954886414697,0.7046463810985701,-0.051803368186614275,1
right_side_row_01,30,1.0531863938111259,1.7485820185107395,0.6154965509865912,-0.04858249342204741,0.7059954886414697,0.7046463810985701,-0.051803368186614275,1
right_side_row_01,31,0.9940704862168208,1.740125775622228,0.6157759687211657,-0.04858249342204741,0.7059954886414697,0.7046463810985701,-0.051803368186614275,1
right_side_row_01,32,0.9349546123856491,1.7316692967181913,0.6160553868323886,-0.04858249342204741,0.7059954886414697,0.7046463810985701,-0.051803368186614275,1
right_side_row_01,33,0.8758387047913441,1.7232130538296797,0.6163348045669631,-0.04858249342204741,0.7059954886414697,0.7046463810985701,-0.051803368186614275,1
right_side_row_01,34,0.8167228140786058,1.7147566929334057,0.6166142224898619,-0.04858249342204741,0.7059954886414697,0.7046463810985701,-0.051803368186614275,1
right_side_row_01,35,0.7576069233658674,1.7063003320371315,0.6168936404127605,-0.04858249342204741,0.7059954886414697,0.7046463810985701,-0.051803368186614275,1
right_side_row_01,36,0.6984910326531291,1.6978439711408575,0.6171730583356593,-0.04858249342204741,0.7059954886414697,0.7046463810985701,-0.051803368186614275,1
right_side_row_01,37,0.6393751419403908,1.6893876102445833,0.6174524762585579,-0.04858249342204741,0.7059954886414697,0.7046463810985701,-0.051803368186614275,1
right_side_row_01,38,0.5802592512276524,1.6809312493483093,0.6177318941814566,-0.04858249342204741,0.7059954886414697,0.7046463810985701,-0.051803368186614275,1
right_side_row_01,39,0.5211433605149141,1.6724748884520353,0.6180113121043553,-0.04858249342204741,0.7059954886414697,0.7046463810985701,-0.051803368186614275,1
right_side_row_01,40,0.4620274698021757,1.664018527555761,0.618290730027254,-0.04858249342204741,0.7059954886414697,0.7046463810985701,-0.051803368186614275,1
right_side_row_01,41,0.4029115790894374,1.655562166659487,0.6185701479501527,-0.04858249342204741,0.7059954886414697,0.7046463810985701,-0.051803368186614275,1
right_side_row_01,42,0.34379568837669905,1.647105805763213,0.6188495658730514,-0.04858249342204741,0.7059954886414697,0.7046463810985701,-0.051803368186614275,1
right_side_row_01,43,0.28467979766396073,1.6386494448669389,0.6191289837959502,-0.04858249342204741,0.7059954886414697,0.7046463810985701,-0.051803368186614275,1
right_side_row_01,44,0.2255639364529079,1.6301930881907976,0.6194084015794058,-0.04858249342204741,0.7059954886414697,0.7046463810985701,-0.051803368186614275,1
right_side_row_01,45,0.16644804574016964,1.6217367272945233,0.6196878195023044,-0.04858249342204741,0.7059954886414697,0.7046463810985701,-0.051803368186614275,1
right_side_row_01,46,0.10733215502743126,1.6132803663982493,0.6199672374252032,-0.04858249342204741,0.7059954886414697,0.7046463810985701,-0.051803368186614275,1
right_side_row_01,47,0.04821626431469295,1.6048240055019753,0.6202466553481019,-0.04858249342204741,0.7059954886414697,0.7046463810985701,-0.051803368186614275,1
right_side_row_01,48,-0.010899626398045426,1.5963676446057011,0.6205260732710005,-0.04858249342204741,0.7059954886414697,0.7046463810985701,-0.051803368186614275,1
right_side_row_01,49,-0.07001551711078369,1.5879112837094271,0.6208054911938993,-0.04858249342204741,0.7059954886414697,0.7046463810985701,-0.051803368186614275,1
right_side_row_01,50,-0.12913140782352206,1.5794549228131531,0.6210849091167979,-0.04858249342204741,0.7059954886414697,0.7046463810985701,-0.051803368186614275,1
right_side_row_01,51,-0.18824729853626043,1.570998561916879,0.6213643270396967,-0.04858249342204741,0.7059954886414697,0.7046463810985701,-0.051803368186614275,1
right_side_row_01,52,-0.2473631892489988,1.562542201020605,0.6216437449625953,-0.04858249342204741,0.7059954886414697,0.7046463810985701,-0.051803368186614275,1
right_side_row_01,53,-0.3064790799617372,1.5540858401243307,0.6219231628854941,-0.04858249342204741,0.7059954886414697,0.7046463810985701,-0.051803368186614275,1
right_side_row_01,54,-0.36559502967784674,1.5456294707877913,0.6222025810872789,-0.04858249342204741,0.7059954886414697,0.7046463810985701,-0.051803368186614275,1
right_side_row_01,55,-0.4247108613872137,1.5371731183317827,0.6224819987312914,-0.04858249342204741,0.7059954886414697,0.7046463810985701,-0.051803368186614275,1
right_side_row_01,56,-0.5296294893872998,1.8488926954263385,0.6222504602366614,-0.04858249342204741,0.7059954886414697,0.7046463810985701,-0.051803368186614275,1
right_side_row_01,57,-0.5437178274704263,1.5256791949752264,0.6230321869213913,-0.04858249342204741,0.7059954886414697,0.7046463810985701,-0.051803368186614275,1
right_side_row_01,58,-0.6028337603049695,1.5172227076309248,0.6233116053115001,-0.04858249342204741,0.7059954886414697,0.7046463810985701,-0.051803368186614275,1
right_side_row_01,59,-0.6619495920143365,1.508766355174916,0.6235910229555127,-0.04858249342204741,0.7059954886414697,0.7046463810985701,-0.051803368186614275,1
right_side_row_01,60,-0.721065541730446,1.5003099858383766,0.6238704411572975,-0.04858249342204741,0.7059954886414697,0.7046463810985701,-0.051803368186614275,1
right_side_row_01,61,-0.7801813734398132,1.491853633382368,0.6241498588013101,-0.04858249342204741,0.7059954886414697,0.7046463810985701,-0.051803368186614275,1
right_side_row_01,62,-0.8842841641433951,1.7981625622066144,0.623729774861304,-0.04860619119401703,0.7057444174386652,0.7048901918623657,-0.051885189100616326,1
right_side_row_01,63,-0.8976379870891206,1.46952223116159,0.624717342114481,-0.04858249342204741,0.7059954886414697,0.7046463810985701,-0.051803368186614275,1
right_side_row_01,64,-0.9567539199236635,1.4610657438172883,0.62499676050459,-0.04858249342204741,0.7059954886414697,0.7046463810985701,-0.051803368186614275,1
right_side_row_01,65,-1.0158697516330304,1.4526093913612794,0.6252761781486026,-0.04858249342204741,0.7059954886414697,0.7046463810985701,-0.051803368186614275,1
right_side_row_01,66,-1.0749857182307068,1.4441531400325025,0.6255555961620632,-0.04858249342204741,0.7059954886414697,0.7046463810985701,-0.051803368186614275,1
right_side_row_01,67,-1.1341015499400737,1.4356967875764939,0.6258350138060759,-0.04858249342204741,0.7059954886414697,0.7046463810985701,-0.051803368186614275,1
right_side_row_01,68,-1.1932173816494411,1.427240435120485,0.6261144314500884,-0.04858249342204741,0.7059954886414697,0.7046463810985701,-0.051803368186614275,1
right_side_row_01,69,-1.2523333313655507,1.4187840657839457,0.6263938496518732,-0.04858249342204741,0.7059954886414697,0.7046463810985701,-0.051803368186614275,1
right_side_row_01,70,-1.3114492810816603,1.410327696447406,0.626673267853658,-0.04858249342204741,0.7059954886414697,0.7046463810985701,-0.051803368186614275,1
right_side_row_01,71,-1.3705649947842846,1.401871360871928,0.6269526849398984,-0.04858249342204741,0.7059954886414697,0.7046463810985701,-0.051803368186614275,1
right_side_row_02,0,-1.3698903345694933,1.4022130531689607,0.780285020370087,0.7059966284308251,0.04858117361040136,-0.05180189794993291,-0.7046454382054342,1
right_side_row_02,1,-1.3107745871037357,1.4106691527289144,0.7800056036604949,0.7059966284308251,0.048581173610401374,-0.051801897949932896,-0.7046454382054342,1
right_side_row_02,2,-1.2516574272354468,1.4191254529973512,0.7797253458027852,0.7059954886414695,0.048582493422047415,-0.05180336818661428,-0.7046463810985701,1
right_side_row_02,3,-1.1925414775193373,1.4275818223338905,0.7794459276010004,0.7059954886414695,0.048582493422047415,-0.05180336818661428,-0.7046463810985701,1
right_side_row_02,4,-1.1334256458099699,1.4360381747898994,0.7791665099569879,0.7059954886414695,0.048582493422047415,-0.05180336818661428,-0.7046463810985701,1
right_side_row_02,5,-1.0743097972190365,1.4444944092381455,0.7788870925012994,0.7059954886414695,0.048582493422047415,-0.05180336818661428,-0.7046463810985701,1
right_side_row_02,6,-1.0151938643844933,1.4529508965824474,0.7786076741111905,0.7059954886414695,0.048582493422047415,-0.05180336818661428,-0.7046463810985701,1
right_side_row_02,7,-0.9560780326751263,1.4614072490384562,0.7783282564671778,0.7059954886414695,0.048582493422047415,-0.05180336818661428,-0.7046463810985701,1
right_side_row_02,8,-0.8969620829590167,1.4698636183749956,0.7780488382653931,0.7059954886414695,0.048582493422047415,-0.05180336818661428,-0.7046463810985701,1
right_side_row_02,9,-0.8378462343680829,1.4783198528232417,0.7777694208097046,0.7059954886414695,0.048582493422047415,-0.05180336818661428,-0.7046463810985701,1
right_side_row_02,10,-0.7787302846519734,1.4867762221597813,0.7774900026079198,0.7059954886414695,0.048582493422047415,-0.05180336818661428,-0.7046463810985701,1
right_side_row_02,11,-0.7196144529426062,1.49523257461579,0.7772105849639072,0.7059954886414695,0.048582493422047415,-0.05180336818661428,-0.7046463810985701,1
right_side_row_02,12,-0.6604985032264966,1.5036889439523293,0.7769311667621224,0.7059954886414695,0.048582493422047415,-0.05180336818661428,-0.7046463810985701,1
right_side_row_02,13,-0.6013826715171297,1.5121452964083382,0.7766517491181097,0.7059954886414695,0.048582493422047415,-0.05180336818661428,-0.7046463810985701,1
right_side_row_02,14,-0.5422667218010199,1.5206016657448775,0.776372330916325,0.7059954886414695,0.048582493422047415,-0.05180336818661428,-0.7046463810985701,1
right_side_row_02,15,-0.4831508900916529,1.5290580182008864,0.7760929132723123,0.7059954886414695,0.048582493422047415,-0.05180336818661428,-0.7046463810985701,1
right_side_row_02,16,-0.42403495725710993,1.5375145055451882,0.7758134948822034,0.7059954886414695,0.048582493422047415,-0.05180336818661428,-0.7046463810985701,1
right_side_row_02,17,-0.364919125547743,1.5459708580011968,0.7755340772381909,0.7059954886414695,0.048582493422047415,-0.05180336818661428,-0.7046463810985701,1
right_side_row_02,18,-0.3058031758316334,1.5544272273377362,0.7752546590364061,0.7059954886414695,0.048582493422047415,-0.05180336818661428,-0.7046463810985701,1
right_side_row_02,19,-0.24668728511889504,1.5628835882340104,0.7749752411135074,0.7059954886414695,0.048582493422047415,-0.05180336818661428,-0.7046463810985701,1
right_side_row_02,20,-0.18757139440615667,1.5713399491302844,0.7746958231906087,0.7059954886414695,0.048582493422047415,-0.05180336818661428,-0.7046463810985701,1
right_side_row_02,21,-0.1284555036934183,1.5797963100265586,0.7744164052677099,0.7059954886414695,0.048582493422047415,-0.05180336818661428,-0.7046463810985701,1
right_side_row_02,22,-0.06933961298067992,1.5882526709228326,0.7741369873448113,0.7059954886414695,0.048582493422047415,-0.05180336818661428,-0.7046463810985701,1
right_side_row_02,23,-0.01022372226794166,1.5967090318191066,0.7738575694219125,0.7059954886414695,0.048582493422047415,-0.05180336818661428,-0.7046463810985701,1
right_side_row_02,24,0.04889216844479671,1.6051653927153808,0.7735781514990139,0.7059954886414695,0.048582493422047415,-0.05180336818661428,-0.7046463810985701,1
right_side_row_02,25,0.10800805915753514,1.6136217536116548,0.7732987335761152,0.7059954886414695,0.048582493422047415,-0.05180336818661428,-0.7046463810985701,1
right_side_row_02,26,0.1671239498702735,1.6220781145079288,0.7730193156532165,0.7059954886414695,0.048582493422047415,-0.05180336818661428,-0.7046463810985701,1
right_side_row_02,27,0.22623984058301178,1.630534475404203,0.7727398977303178,0.7059954886414695,0.048582493422047415,-0.05180336818661428,-0.7046463810985701,1
right_side_row_02,28,0.2853557017940646,1.6389908320803444,0.7724604799468622,0.7059954886414695,0.048582493422047415,-0.05180336818661428,-0.7046463810985701,1
right_side_row_02,29,0.34447159250680287,1.6474471929766186,0.7721810620239634,0.7059954886414695,0.048582493422047415,-0.05180336818661428,-0.7046463810985701,1
right_side_row_02,30,0.40358748321954124,1.6559035538728926,0.7719016441010648,0.7059954886414695,0.048582493422047415,-0.05180336818661428,-0.7046463810985701,1
right_side_row_02,31,0.46270337393227956,1.6643599147691666,0.771622226178166,0.7059954886414695,0.048582493422047415,-0.05180336818661428,-0.7046463810985701,1
right_side_row_02,32,0.5218192646450179,1.6728162756654408,0.7713428082552674,0.7059954886414695,0.048582493422047415,-0.05180336818661428,-0.7046463810985701,1
right_side_row_02,33,0.5809351553577563,1.6812726365617148,0.7710633903323686,0.7059954886414695,0.048582493422047415,-0.05180336818661428,-0.7046463810985701,1
right_side_row_02,34,0.6400510460704947,1.6897289974579888,0.7707839724094699,0.7059954886414695,0.048582493422047415,-0.05180336818661428,-0.7046463810985701,1
right_side_row_02,35,0.6991669367832329,1.698185358354263,0.7705045544865713,0.7059954886414695,0.048582493422047415,-0.05180336818661428,-0.7046463810985701,1
right_side_row_02,36,0.7582828274959713,1.706641719250537,0.7702251365636725,0.7059954886414695,0.048582493422047415,-0.05180336818661428,-0.7046463810985701,1
right_side_row_02,37,0.8173987182087097,1.7150980801468112,0.7699457186407739,0.7059954886414695,0.048582493422047415,-0.05180336818661428,-0.7046463810985701,1
right_side_row_02,38,0.876514608921448,1.7235544410430852,0.7696663007178751,0.7059954886414695,0.048582493422047415,-0.05180336818661428,-0.7046463810985701,1
right_side_row_02,39,0.935630516515753,1.7320106839315967,0.7693868829833006,0.7059954886414695,0.048582493422047415,-0.05180336818661428,-0.7046463810985701,1
right_side_row_02,40,0.9947463903469247,1.7404671628356334,0.7691074648720777,0.7059954886414695,0.048582493422047415,-0.05180336818661428,-0.7046463810985701,1
right_side_row_02,41,1.0538622979412298,1.748923405724145,0.7688280471375032,0.7059954886414695,0.048582493422047415,-0.05180336818661428,-0.7046463810985701,1
right_side_row_02,42,1.1129781717724012,1.7573798846281814,0.7685486290262804,0.7059954886414695,0.048582493422047415,-0.05180336818661428,-0.7046463810985701,1
right_side_row_02,43,1.1720940624851397,1.7658362455244556,0.7682692111033816,0.7059954886414695,0.048582493422047415,-0.05180336818661428,-0.7046463810985701,1
right_side_row_02,44,1.2312099236961924,1.774292602200597,0.767989793319926,0.7059954886414695,0.048582493422047415,-0.05180336818661428,-0.7046463810985701,1
right_side_row_02,45,1.2903258144089307,1.7827489630968711,0.7677103753970274,0.7059954886414695,0.048582493422047415,-0.05180336818661428,-0.7046463810985701,1
right_side_row_02,46,1.3544943215726213,1.8239110499480313,0.8936799424376478,0.8490596814511139,0.0730442984232517,-0.04955941528479519,-0.5208704754145865,1
right_side_row_02,47,1.4133040396701997,1.8345080800922733,0.8933971080361559,0.8489217522295334,0.07463022705010766,-0.04858633504769283,-0.5209621443527558,1
right_side_row_02,48,1.4721136397610357,1.8451050933559847,0.893114274192436,0.8489217522295334,0.07463022705010766,-0.04858633504769283,-0.5209621443527558,1
right_side_row_02,49,1.5309233578586143,1.8557021235002267,0.8928314397909441,0.8489217522295334,0.07463022705010766,-0.04858633504769283,-0.5209621443527558,1
right_side_row_02,50,1.5897329579494501,1.8662991367639379,0.8925486059472243,0.8489294514126786,0.07454259669598416,-0.04864011111149357,-0.5209571262522952,1
right_side_row_02,51,1.6439886571590572,1.8758983595825887,0.8919659603771107,0.849131465807782,0.06839661195355054,-0.042722868813728075,-0.521988901921035,1
right_side_row_02,52,1.702955905677685,1.8853937788257102,0.8916848842602527,0.8492298084572321,0.06716453810821532,-0.04348017570590216,-0.5219263660412136,1
right_side_row_02,53,1.7679552188217889,1.8878774572127135,0.8736254218637494,0.8299323128846104,0.07189131418891719,-0.05208771022878185,-0.5507548142479681,1
right_side_row_02,54,1.826761290500977,1.898499977033607,0.8733425467842455,0.829832624687917,0.07303300643798986,-0.051329972675983555,-0.5508259515303126,1
right_side_row_02,55,1.8855672441734224,1.9091224799739703,0.8730596722625137,0.829832624687917,0.07303300643798986,-0.051329972675983555,-0.5508259515303126,1
right_side_row_02,56,1.944373298971044,1.9197451178026264,0.8727767969946857,0.829832624687917,0.07303300643798986,-0.051329972675983555,-0.5508259515303126,1
right_side_row_02,57,2.0031792526434895,1.9303676207429894,0.8724939224729539,0.829832631724013,0.0730329264907768,-0.051330025743310644,-0.55082594658511,1
right_side_row_02,58,2.0619853243226776,1.9409901405638834,0.87221104739345,0.829832624687917,0.07303300643798986,-0.051329972675983555,-0.5508259515303126,1
right_side_row_02,59,2.120791277995123,1.9516126435042467,0.8719281728717182,0.8296988596477217,0.07453728815216262,-0.05033129717654484,-0.550918102351627,1
right_side_row_02,60,2.1884706161216516,1.965456095744123,0.8723205946756013,0.8292581730659885,0.08657864231003111,-0.06204813136502203,-0.5486210445226465,1
right_side_row_02,61,2.2466776137614883,1.9780109025735042,0.8717724236602099,0.8288784623075235,0.08750875360998796,-0.06076075875922512,-0.5491910805533399,1
right_side_row_02,62,2.3051898280104797,1.9906875835123514,0.8714862704225856,0.8288865811285949,0.0874318183535463,-0.060811733340633306,-0.5491854384927276,1
right_side_row_02,63,2.3637019242527284,2.0033642475706683,0.8712001177427335,0.8284230138929339,0.09172021199390028,-0.057968833773050565,-0.5494927907400916,1
right_side_row_02,64,2.447519656813215,2.01964559895193,0.8546215442994288,0.806757683212754,0.12146926050963444,-0.0930843737087296,-0.5707210866085866,1
right_side_row_02,65,2.5052071222890904,2.038086706181948,0.8543261923625042,0.8046877701302688,0.13450030956969294,-0.08384246432118471,-0.5721518159588268,1
right_side_row_02,66,2.594048790841988,2.1364054608391503,0.94227798086937,0.8684319554851841,0.2627731385427649,-0.11037652058915717,-0.4057009243952931,1
right_side_row_02,67,2.6969925921304276,2.214582043986013,0.93091192875682,0.8275430197651847,0.3445478765102903,-0.18367462214788888,-0.4033893211390196,1
right_side_row_02,68,2.741628746495948,2.2711814179359875,0.9392239423250855,0.8336261033069612,0.3522531282828123,-0.1669082358725437,-0.3913143165003545,1
right_side_row_02,69,2.7942217432769794,2.3252353965775017,0.9388717566213238,0.8340999835347994,0.35112955439128607,-0.16743535361551992,-0.3910890638459097,1
right_side_row_02,70,2.8468147400580106,2.379289375219016,0.9385195709175622,0.8041633819371954,0.4151337153871127,-0.13641321185439279,-0.4029599100801379,1
right_side_row_02,71,2.9471857881429413,2.588783951070017,0.9359819142381719,0.7349200925955471,0.524564545287409,-0.28043970179268823,-0.32569628334568707,1
right_side_row_03,0,2.5426950162486026,3.0989460448837574,1.1697214503306863,0.7074124222955591,-0.6766212203832075,-0.1389533239477895,0.14981108995307812,1
right_side_row_03,1,2.5385681035059875,2.376092647763433,1.160072429033183,-0.6470659517146577,0.7211888454342709,0.24648790578971444,0.020880987816395722,1
right_side_row_03,2,2.48402578378628,2.3356650844359113,1.1604028688555617,-0.24030837680257225,0.938647740468023,0.2282143615704124,-0.09544898389085502,1
right_side_row_03,3,2.400678003899451,2.1928331052163914,1.0626578832403153,-0.10885756452832789,0.8671132519165508,0.4831688577380371,-0.05303295115101498,1
right_side_row_03,4,2.3423179600919948,2.17909270230838,1.062945734031642,-0.09965382506991033,0.8682191406282578,0.4825791464370763,-0.058155020589181684,1
right_side_row_03,5,2.283958017409714,2.165352434288662,1.0632335840768723,-0.10823246938756874,0.867191497637404,0.4831305028928347,-0.053381234251205056,1
right_side_row_03,6,2.218970268441856,2.234491110988158,1.151127522657264,-0.14763680215251174,0.9478213557433507,0.2786349434712405,-0.04691077193774609,1
right_side_row_03,7,2.1613206345567813,2.2157855483628777,1.1514232966285625,-0.14918621903613924,0.9475787143043497,0.27871126654302614,-0.04645516278088867,1
right_side_row_03,8,2.1036708995465307,2.1970798508493043,1.1517190713459575,-0.1459951834150252,0.9480756057259339,0.2785532875481439,-0.047393229929365815,1
right_side_row_03,9,2.0362235532256494,2.1723178833367305,1.149358997963443,-0.12553194591911626,0.9485060862166058,0.28884785478876457,-0.03383565793280478,1
right_side_row_03,10,1.9779469212388747,2.1579944040753087,1.149647779264293,-0.11432146463236438,0.9499224535510749,0.28842811638683696,-0.037244551834572356,1
right_side_row_03,11,1.9196704072588417,2.1436709416944186,1.1499365600073708,-0.11432107489208501,0.9499225004555378,0.28842810110587946,-0.03724467017270459,1
right_side_row_03,12,1.8613937583905003,2.1293475804407596,1.1502253411198966,-0.11326764900117547,0.9500486854503455,0.28838662368905205,-0.037564481109767366,1
right_side_row_03,13,1.7982909658953847,2.092847391013444,1.1350430293852714,-0.09541666517999128,0.9373855656431431,0.3336358804094989,-0.02985063874010819,1
right_side_row_03,14,1.7395368894413936,2.0818614072847375,1.1353264845030937,-0.08616952604950485,0.9382807956313449,0.3333253390119718,-0.03313879452194911,1
right_side_row_03,15,1.6807828635499904,2.0708754910001774,1.135609939247868,-0.0861693527454769,0.9382808115471679,0.3333253328911049,-0.033138856088404604,1
right_side_row_03,16,1.6220288376585876,2.0598895747156174,1.1358933939926423,-0.09314524472855473,0.9376139941653194,0.33356257767109176,-0.0306588993153832,1
right_side_row_03,17,1.5763549243058188,2.0511635409010953,1.1374126018553705,-0.11424645013674174,0.936452941573888,0.3281524666554011,-0.048162178903587254,1
right_side_row_03,18,1.5145733897956561,2.030293577597776,1.1339821116311486,-0.11278446362621812,0.9330764788660106,0.33911995933491046,-0.04056602682346568,1
right_side_row_03,19,1.4562336797530842,2.0164114558075354,1.1342701883208686,-0.10871652081286333,0.9335591940261703,0.3389399286423549,-0.04204371681320401,1
right_side_row_03,20,1.3978939697105126,2.0025293340172956,1.1345582650105885,-0.10871669775330643,0.9335591734207653,0.3389399366110283,-0.04204365257283993,1
right_side_row_03,21,1.3395542681087242,1.9886471532231738,1.1348463417944705,-0.10871669775330643,0.9335591734207653,0.3389399366110283,-0.04204365257283993,1
right_side_row_03,22,1.2812145580661525,1.9747650314329332,1.1351344184841905,-0.10871669775330643,0.9335591734207653,0.3389399366110283,-0.04204365257283993,1
right_side_row_03,23,1.2228748480235807,1.960882909642693,1.1354224951739105,-0.10871635199224258,0.9335592136859586,0.33893992103935383,-0.042043778105565845,1
right_side_row_03,24,1.1645351210994423,1.947000905860215,1.1357105716753062,-0.10871635342094559,0.9335592200575128,0.33893990307341676,-0.04204377776845503,1
right_side_row_03,25,1.1061954279384372,1.933118666062212,1.1359986485533504,-0.10871669775330643,0.9335591734207653,0.3389399366110283,-0.04204365257283993,1
right_side_row_03,26,1.0478557178958656,1.9192365442719717,1.1362867252430702,-0.09922478282825357,0.934615692693263,0.33849521355078777,-0.04548560043997325,1
right_side_row_03,27,0.9913024484969786,1.8375506052643162,1.0486638281152423,-0.07483272950375716,0.8489860182786764,0.5208426385929559,-0.04843293492927948,1
right_side_row_03,28,0.9324924348898722,1.8269560617233471,1.0489466582830416,-0.07462516543511968,0.8490042810851792,0.520830793442499,-0.04856027167217975,1
right_side_row_03,29,0.8737003767616324,1.816361316562018,1.0492291713282913,-0.07483661811710073,0.8489853174494953,0.5208399937043549,-0.04846764180380942,1
right_side_row_03,30,0.8160178450417496,1.8037447722046867,1.045347621281105,-0.07543937875924435,0.8445406304523772,0.5277804084242858,-0.05007857956267001,1
right_side_row_03,31,0.7572344874283401,1.7929638944070827,1.0456307488127046,-0.07554199984609636,0.8445314574435531,0.527786489665763,-0.05001444765077397,1
right_side_row_03,32,0.6984511298149305,1.7821830166094788,1.045913876344304,-0.07554199984609636,0.8445314574435531,0.527786489665763,-0.05001444765077397,1
right_side_row_03,33,0.6396677553199545,1.7714022568196368,1.0461970036875794,-0.0755419965437006,0.8445314435127682,0.5277865125360497,-0.05001444652763619,1
right_side_row_03,34,0.5808843903311235,1.7606213779669997,1.0464801312540397,-0.0755419965437006,0.8445314435127682,0.5277865125360497,-0.05001444652763619,1
right_side_row_03,35,0.522101032717714,1.7498405001693955,1.046763258785639,-0.0755419965437006,0.8445314435127682,0.5277865125360497,-0.05001444652763619,1
right_side_row_03,36,0.46331767510430455,1.7390596223717916,1.0470463863172386,-0.07554208841323513,0.8445314352951794,0.5277865179767011,-0.05001438911414128,1
right_side_row_03,37,0.4045343174908951,1.7282787445741876,1.047329513848838,-0.0755419965437006,0.8445314435127682,0.5277865125360497,-0.05001444652763619,1
right_side_row_03,38,0.345750942995919,1.7174979847843457,1.0476126411921134,-0.07531184927936281,0.8445519982107028,0.5277728634310495,-0.05015827252031598,1
right_side_row_03,39,0.2858166912867249,1.7066685888850843,1.0479176395346195,-0.07381298853989492,0.8447076864500436,0.52787309420364,-0.048688433851369096,1
right_side_row_03,40,0.22699480567683544,1.6961572450366535,1.0482003367944643,-0.07362324525746605,0.8447242452911689,0.5278621443072103,-0.0488070054645648,1
right_side_row_03,41,0.1681728610635746,1.6856458927479572,1.0484830343331955,-0.07362324365957318,0.8447242454304356,0.5278621442148863,-0.04880700646307663,1
right_side_row_03,42,0.1093509459519994,1.6751345446793935,1.0487657317324834,-0.07362342752767821,0.8447242294051075,0.5278621548385205,-0.04880689156520955,1
right_side_row_03,43,0.05052904772199096,1.6646230786030676,1.0490484293200955,-0.07362324365957318,0.8447242454304356,0.5278621442148863,-0.04880700646307663,1
right_side_row_03,44,-0.008292884271150824,1.6541118485422663,1.0493311265310592,-0.07362315172551458,0.8447242534430852,0.5278621389030598,-0.04880706391201229,1
right_side_row_03,45,-0.06711479938272602,1.6436005004737024,1.0496138239303472,-0.0736233355936277,0.8447242374177762,0.5278621495267067,-0.048806949014142384,1
right_side_row_03,46,-0.12593669761273463,1.6330890343973767,1.0498965215179592,-0.07406696189726632,0.8446854550542968,0.5278877094045483,-0.04852971702620506,1
right_side_row_03,47,-0.18242521510702525,1.6183726590727479,1.0409947169389342,-0.07522656511611685,0.8348165141611805,0.5428870912461876,-0.051922613020337544,1
right_side_row_03,48,-0.24119386887590666,1.6074889965142005,1.0412780085008504,-0.07535121196502226,0.8348052726659051,0.5428948378367308,-0.05184155316766526,1
right_side_row_03,49,-0.2999625226447882,1.5966053339556534,1.0415613000627664,-0.07534717695897106,0.8348056368638794,0.5428945872558637,-0.05184417723227551,1
right_side_row_03,50,-0.36111085975818435,1.58523920682321,1.0417309844722311,-0.07218254351214945,0.8349637979067047,0.543366651663546,-0.04876287991161678,1
right_side_row_03,51,-0.41995969260985067,1.5749164435990302,1.0420133806506742,-0.07138851180350934,0.8350320615312635,0.5433200354935511,-0.04927956603516815,1
right_side_row_03,52,-0.47880862658669343,1.5645935454865572,1.0422957775752135,-0.07138851180350934,0.8350320615312635,0.5433200354935511,-0.04927956603516815,1
right_side_row_03,53,-0.5376574594383597,1.5542707822623776,1.0425781737536566,-0.07138851180350934,0.8350320615312635,0.5433200354935511,-0.04927956603516815,1
right_side_row_03,54,-0.5965063934152023,1.5439478841499048,1.0428605706781962,-0.07138851180350934,0.8350320615312635,0.5433200354935511,-0.04927956603516815,1
right_side_row_03,55,-0.6553552262668688,1.5336251209257248,1.0431429668566392,-0.07138851180350934,0.8350320615312635,0.5433200354935511,-0.04927956603516815,1
right_side_row_03,56,-0.7142041602437111,1.523302222813252,1.0434253637811786,-0.07138842782515645,0.8350320687107318,0.543320030537551,-0.04927962067632909,1
right_side_row_03,57,-0.7730529930953777,1.512979459589072,1.0437077599596216,-0.06984173965910721,0.8351628552588181,0.5432278277124697,-0.05028582102461377,1
right_side_row_03,58,-0.8371703305007206,1.4786612399039412,0.9311008573566987,-0.04858249342204741,0.7059954886414697,0.7046463810985701,-0.051803368186614275,1
right_side_row_03,59,-0.8962861622100878,1.4702048874479325,0.9313802750007113,-0.04858249342204741,0.7059954886414697,0.7046463810985701,-0.051803368186614275,1
right_side_row_03,60,-0.9554021119261974,1.4617485181113932,0.9316596932024961,-0.04858249342204741,0.7059954886414697,0.7046463810985701,-0.051803368186614275,1
right_side_row_03,61,-1.0145179436355645,1.4532921656553843,0.9319391108465087,-0.04858249342204741,0.7059954886414697,0.7046463810985701,-0.051803368186614275,1
right_side_row_03,62,-1.073633893351674,1.444835796318845,0.9322185290482935,-0.04858249342204741,0.7059954886414697,0.7046463810985701,-0.051803368186614275,1
right_side_row_03,63,-1.1327497419426078,1.4363795618705988,0.932497946503982,-0.04858249342204741,0.7059954886414697,0.7046463810985701,-0.051803368186614275,1
right_side_row_03,64,-1.1918666657974115,1.4279232953632233,0.9327782032461472,-0.048581173610401374,0.7059966284308251,0.7046454382054342,-0.051801897949932896,1
right_side_row_03,65,-1.2509827672833969,1.4194671451616776,0.9330576216290559,-0.048581173610919966,0.7059966284307894,0.7046454382054722,-0.0518018979494153,1
right_side_row_03,66,-1.3100987338810732,1.411010893832901,0.9333370396425166,-0.0485811582634248,0.7059966294868839,0.7046454370793628,-0.05180191326753719,1
right_side_row_03,67,-1.3832239536259476,1.421935203561046,1.0349873802567164,-0.04122120341108929,0.8246918565679439,0.5633876752575314,-0.027901280755076995,1
right_side_row_04,0,-1.3669808501959833,1.4592042435240815,1.160516269782027,0.7922141419598434,0.06847070786524065,-0.05517771076567281,-0.6038741058183583,1
right_side_row_04,1,-1.3081523932310062,1.469668599182463,1.160233648172401,0.7922141470620483,0.0684706488321041,-0.055177755764342216,-0.603874101706699,1
right_side_row_04,2,-1.249323700252544,1.4801329886019057,1.1599510254472303,0.7922141476723473,0.06847064177086783,-0.055177761146848636,-0.6038741012148834,1
right_side_row_04,3,-1.190495007274082,1.4905973780213484,1.1596684027220598,0.7924180185818747,0.06606942094126249,-0.05700762551743187,-0.6037041047368539,1
right_side_row_04,4,-1.153019772205981,1.5045811400578564,1.1871237200654015,0.8245952851113219,0.043109879057108245,-0.026610886251438613,-0.5634500996829909,1
right_side_row_04,5,-1.0706793756494934,1.5127701376418927,1.180777692186014,0.8161424163905393,0.06993190615893904,-0.05816665254934531,-0.5706467604397598,1
right_side_row_04,6,-1.0119294014161917,1.5237847972568326,1.1804941913054283,0.8157433681380986,0.07444241176588498,-0.0550112712971867,-0.5709595823694146,1
right_side_row_04,7,-0.9531795283080661,1.5347993219834795,1.1802106911709387,0.8157433681380986,0.07444241176588498,-0.0550112712971867,-0.5709595823694146,1
right_side_row_04,8,-0.8944295371931977,1.545813863590657,1.1799271904786768,0.8157433618219493,0.07444248097850761,-0.05501122285350703,-0.570959587036903,1
right_side_row_04,9,-0.8356796978482052,1.5568286243328284,1.179643689967539,0.8157433555057942,0.07444255019112671,-0.055011174409829056,-0.570959591704387,1
right_side_row_04,10,-0.7769297067333368,1.567843165940006,1.1793601892752772,0.8157433681380986,0.07444241176588498,-0.0550112712971867,-0.5709595823694146,1
right_side_row_04,11,-0.7181798336252109,1.578857690666653,1.1790766891407876,0.8157433681380986,0.07444241176588498,-0.0550112712971867,-0.5709595823694146,1
right_side_row_04,12,-0.6594298762734759,1.589872468289355,1.1787931880718776,0.8157433618219493,0.07444248097850761,-0.05501122285350703,-0.570959587036903,1
right_side_row_04,13,-0.6006800031653502,1.6008869930160021,1.178509687937388,0.8157433681380986,0.07444241176588498,-0.0550112712971867,-0.5709595823694146,1
right_side_row_04,14,-0.5419300120504819,1.6119015346231798,1.1782261872451263,0.8154358697129372,0.0777383928076518,-0.05270345545439478,-0.5711772320850647,1
right_side_row_04,15,-0.48092731366943464,1.7100649917441497,1.2952508316706492,0.9307937110771881,0.1186962571522427,-0.05545139929758095,-0.34126149544468826,1
right_side_row_04,16,-0.4283865256559598,1.6987041092154533,1.2712207298202263,0.9092067478090461,0.10685054365275584,-0.04338090039195825,-0.4000551818696905,1
right_side_row_04,17,-0.36479466605338073,1.713328840027472,1.2708917541646734,0.9089887407919229,0.10834711212821102,-0.053044977834360366,-0.3989819579047948,1
right_side_row_04,18,-0.30656403633565166,1.7279738904410977,1.2706024596805707,0.9086038704631519,0.11152862490136105,-0.051647901613342366,-0.3991652122441657,1
right_side_row_04,19,-0.2483334656212941,1.7426189324144583,1.2703131654753543,0.9086038499306403,0.11152879217595514,-0.051647828126752025,-0.3991652217525729,1
right_side_row_04,20,-0.19010289490693644,1.7572639743878187,1.270023871270138,0.9086038499306403,0.11152879217595514,-0.051647828126752025,-0.3991652217525729,1
right_side_row_04,21,-0.13187232419257877,1.771909016361179,1.2697345770649213,0.9086038499306403,0.11152879217595514,-0.051647828126752025,-0.3991652217525729,1
right_side_row_04,22,-0.0736417703597878,1.7865541763423018,1.2694452826713807,0.9086038313438807,0.1115289435986447,-0.05164776160417156,-0.39916523035989737,1
right_side_row_04,23,-0.015411208086213435,1.8011992773195433,1.2691559883720023,0.9086038499306403,0.11152879217595514,-0.051647828126752025,-0.3991652217525729,1
right_side_row_04,24,0.04281936262814423,1.815844319292904,1.2688666941667859,0.9086038685173765,0.11152864075324684,-0.05164789464933794,-0.39916521314523656,1
right_side_row_04,25,0.10104993334250195,1.8304893612662643,1.2685773999615693,0.908618173382899,0.11141203970546758,-0.051699118654345524,-0.39915858194125686,1
right_side_row_04,26,0.1557220133679349,1.8565871829202243,1.2806107634054364,0.9205930492451296,0.11185955842647247,-0.04731991961987662,-0.3711558999630173,1
right_side_row_04,27,0.21398388250681055,1.8710134385023234,1.280321818353156,0.9206512809204953,0.11137927127281053,-0.047513544623738885,-0.3711311627275145,1
right_side_row_04,28,0.2722457052624339,1.8854398078720522,1.2800328732519943,0.9206889861894108,0.11106715913953201,-0.047639357352669796,-0.37111503405442026,1
right_side_row_04,29,0.32972406918078934,1.89960020946089,1.2797881479223607,0.9213918149149333,0.10545098188374258,-0.048337898248965644,-0.3709186722455375,1
right_side_row_04,30,0.3890557905764952,1.8379258377961292,1.1619000397833823,0.8030290602632338,0.07227416042251726,-0.05294145911330087,-0.5891671885084253,1
right_side_row_04,31,0.44786875845776053,1.8484997299786996,1.1616172425723057,0.8032132890699316,0.07019713778705468,-0.05446497684618475,-0.5890283018710665,1
right_side_row_04,32,0.506663764407324,1.8588695617300177,1.1607917355161903,0.8026201523477184,0.07007790405103761,-0.054472420838697654,-0.5898497552573118,1
right_side_row_04,33,0.5654783191558517,1.8694323611829342,1.1605089560075819,0.8026212773209276,0.070065018251505,-0.05448189066663145,-0.5898488806453125,1
right_side_row_04,34,0.6218799057877732,1.8794821740293015,1.1600434033735822,0.8026560220434287,0.0672819005276453,-0.05109878719115933,-0.5904281244033007,1
right_side_row_04,35,0.6830635257297224,1.8897967030769987,1.1581800127463477,0.8007022262110582,0.06954373748010181,-0.054606054259524896,-0.5925013015649498,1
right_side_row_04,36,0.7418832209152867,1.9003235691663019,1.1578972905824367,0.8006911161451435,0.0696715365719035,-0.05451148450870442,-0.5925100096830528,1
right_side_row_04,37,0.800702916100851,1.9108504352556048,1.157614568418526,0.8006911161451435,0.0696715365719035,-0.05451148450870442,-0.5925100096830528,1
right_side_row_04,38,0.8595226112864154,1.9213773013449078,1.157331846254615,0.8006970365529634,0.06960346354419676,-0.05456185804546993,-0.5925053731103035,1
right_side_row_04,39,0.9169503330566399,1.931580010181448,1.1570304707067884,0.8008322874958335,0.06778399282195723,-0.05275666114404997,-0.5926969818771101,1
right_side_row_04,40,0.9758150576904457,1.941792210682706,1.156748250639447,0.8008526703651616,0.06754274755801991,-0.052935202396999004,-0.5926810626032286,1
right_side_row_04,41,1.0346797844549753,1.9520042910661353,1.156466030830151,0.8008526605825628,0.06754286354995039,-0.05293511655571506,-0.5926810702701211,1
right_side_row_04,42,1.0935444774563718,1.9622166074650895,1.156183810644207,0.8008526556912572,0.06754292154591254,-0.05293507363507456,-0.5926810741035625,1
right_side_row_04,43,1.1524091873393347,1.972428805856281,1.1559015906465873,0.8008526651027265,0.06754274853945623,-0.05293520312761168,-0.592681069536926,1
right_side_row_04,44,1.211273867720612,1.9826410000273404,1.1556193707884104,0.8008526702925237,0.0675427484192852,-0.052935201759608856,-0.5926810626601571,1
right_side_row_04,45,1.2701385776035754,1.992853198418532,1.1553371507907904,0.8008526605825628,0.06754286354995039,-0.05293511655571506,-0.5926810702701211,1
right_side_row_04,46,1.3290032874865383,2.003065396809724,1.1550549307931703,0.8008913550824915,0.0670824845457212,-0.05327580881511762,-0.5926505427453842,1
right_side_row_04,47,1.3824709624818374,2.0097746459473655,1.1475007353901998,0.7933077641838672,0.060023282059511775,-0.04589209848735846,-0.6041141549349962,1
right_side_row_04,48,1.4483104612366036,2.0194742179995115,1.1412215788349025,0.7763422358546571,-0.13972725270142014,-0.21336782620320233,-0.5764054115134809,1
right_side_row_04,49,1.5790335763456635,1.813845778734546,1.224452688786774,0.8588903785204212,-0.18144236106081302,-0.2559578234416085,-0.4048105481787245,1
right_side_row_04,50,1.7981661857613167,2.149923270922692,1.1742555704012256,0.6267513171996142,0.5376045649987857,-0.39934633830377103,-0.39835489223101644,1
right_side_row_04,51,1.6187797175255927,2.047859018949015,1.1392746679405479,0.7705011308414902,0.16306936637795524,0.03426457319855366,-0.6152741894022518,1
right_side_row_04,52,1.6778132075384096,2.056887096481095,1.1389918369173873,0.7854072522485939,0.05826293489636201,-0.048559186864734635,-0.6143149712514029,1
right_side_row_04,53,1.736847222653029,2.065915795024412,1.1387115056224608,0.7853496460888011,0.059034353182014894,-0.047955768111684026,-0.6143623709484447,1
right_side_row_04,54,1.8412387388559464,2.127500063863151,1.2251914686988772,0.8693411484368877,0.13941620370017863,-0.1043218421568576,-0.4625213973745032,1
right_side_row_04,55,1.8983250939483134,2.150143132488443,1.224889411010515,0.8650209293933793,0.16410271762268547,-0.09111539853549934,-0.46530320644713,1
right_side_row_04,56,1.9554115586066394,2.1727862769981465,1.224587352670219,0.862718280389623,0.17580693644253167,-0.08480312106201536,-0.46649493077460613,1
right_side_row_04,57,2.023070978142287,2.2855141161072945,1.2959758400171406,0.7454895417675926,0.5894683368024438,0.010230251494031823,-0.3109144013661548,1
right_side_row_04,58,2.043237604915349,2.8449286828450826,1.322869099539831,0.689325622520564,0.6912002431445092,-0.15911920601123059,-0.14749063798073386,1
right_side_row_05,0,1.6876543004487883,2.7602911832100108,1.4809204142738641,-0.6807009004201882,0.7034957449287186,0.13364286495924,-0.15453027431483676,1
right_side_row_05,1,1.6725972135082703,2.4178098747935923,1.4825182197172577,-0.6330095819875997,0.7476614848732067,0.13865528349625558,-0.14517536122789096,1
right_side_row_05,2,1.607740263425495,2.241995420608047,1.451231704509438,-0.3093996077639715,0.8986027208801217,0.2967894727208215,-0.093279374056859,1
right_side_row_05,3,1.5373690359729912,2.1958918529738507,1.4522668376123888,-0.19770399100350822,0.9302665521217466,0.2934543529646793,-0.09696296546044775,1
right_side_row_05,4,1.43624231772051,2.060657266169618,1.3004855923566778,-0.05964123511559715,0.7933365781164311,0.6040919842334151,-0.04618302156998137,1
right_side_row_05,5,1.3771937591362453,2.051730231313502,1.3007657614103665,-0.05821264428661966,0.7934426829637801,0.6040078470694611,-0.04727068409609329,1
right_side_row_05,6,1.318145192111197,2.0428032554612683,1.3010459303698934,-0.05821264428661966,0.7934426829637801,0.6040078470694611,-0.04727068409609329,1
right_side_row_05,7,1.2590966335269325,2.0338762206051526,1.301326099423582,-0.05821264428661966,0.7934426829637801,0.6040078470694611,-0.04727068409609329,1
right_side_row_05,8,1.2000480665018844,2.0249492447529183,1.3016062683831089,-0.05837961387359497,0.7934304152145745,0.6040177812665453,-0.04714357655330967,1
right_side_row_05,9,1.1464904929028732,2.0188686271850584,1.3091594604439991,-0.06646436416530598,0.8009428833434413,0.5926092566769431,-0.05373318172597925,1
right_side_row_05,10,1.0876257999014767,2.008656310786104,1.3094416806299431,-0.06754297954187258,0.8008526507999475,0.5926810779370009,-0.05293503071443508,1
right_side_row_05,11,1.0287610900185138,1.9984441123949126,1.3097239006275632,-0.06754286354995039,0.8008526605825627,0.5926810702701211,-0.052935116555715034,1
right_side_row_05,12,0.9698963801355508,1.9882319140037206,1.310006120625183,-0.06754274755801994,0.8008526703651615,0.5926810626032287,-0.05293520239699901,1
right_side_row_05,13,0.9110316555017449,1.9780197135024626,1.3102883406925245,-0.0677605657726721,0.8008342700614552,0.5926954383148898,-0.05277399948861303,1
right_side_row_05,14,0.8536005236550627,1.9678408422339027,1.310589678198877,-0.06958009529818064,0.8006990675780398,0.5925037804787711,-0.05457915019783682,1
right_side_row_05,15,0.7947808284694984,1.9573139761445995,1.310872400362788,-0.06959847680462267,0.8006974700275519,0.5925050332877596,-0.05456554816571514,1
right_side_row_05,16,0.7336051766269949,1.9469437474331075,1.3127358798790114,-0.06681924196519988,0.8026946612359535,0.5903985846814778,-0.05143909925923942,1
right_side_row_05,17,0.6747126374814548,1.9369260848380292,1.313017789424304,-0.06638243219795975,0.8027309032104031,0.5903705058120229,-0.05176036701715047,1
right_side_row_05,18,0.615820106776698,1.9269083632390696,1.3132996990637589,-0.06676589937768163,0.8026991083472577,0.5903951535602195,-0.0514783332229366,1
right_side_row_05,19,0.5593992498364769,1.9169932562533418,1.3137650367257645,-0.06982432324166764,0.8026422524853176,0.5898325159720192,-0.05465877341522169,1
right_side_row_05,20,0.49821120816669007,1.9063253340073985,1.3146968864393804,-0.06731479927881232,0.8035782428722993,0.5891552326577822,-0.051252680049688054,1
right_side_row_05,21,0.4417412052790461,1.896399543342366,1.3148727824235888,-0.0699593606651971,0.8032340342312129,0.5890121528751229,-0.05463934363972872,1
right_side_row_05,22,0.3829282373977808,1.8858256511597957,1.3151555796346652,-0.06985412786889798,0.8032431927577776,0.5890049894855154,-0.054716510023351386,1
right_side_row_05,23,0.32174638814770484,1.8755344385144515,1.3164543284634203,-0.06544738743806956,0.804742834373979,0.5876364845010905,-0.052810719408709864,1
right_side_row_05,24,0.2502408980072914,1.8651773110359473,1.3168060640716688,-0.04927199312851022,0.805974833212324,0.5887353993119695,-0.036979298512632985,1
right_side_row_05,25,0.19095774047101027,1.8578904112839696,1.3170836155630021,-0.0479798985052595,0.8060527838906794,0.5886753625614598,-0.03792303303593364,1
right_side_row_05,26,0.13167455343304352,1.8506035073118594,1.3173611671937786,-0.04797989910673116,0.8060527838548772,0.5886753625897577,-0.0379230325966677,1
right_side_row_05,27,0.07239136639507687,1.8433166033397492,1.317638718824555,-0.04815655353642515,0.806042249159424,0.5886836597136303,-0.037794016823794054,1
right_side_row_05,28,0.030666233096925954,1.8506811395479694,1.3485973135490705,-0.0752428786596689,0.8373463428637129,0.5382167320655344,-0.05926517213733849,1
right_side_row_05,29,-0.02798369261389977,1.8389675283973288,1.3488819295945889,-0.08144849886838998,0.8367655171721133,0.5386413053987628,-0.05527346037736737,1
right_side_row_05,30,-0.0866336014431589,1.8272537992389262,1.349166545828431,-0.08144858471893555,0.8367655088156484,0.5386413110697116,-0.05527340511379656,1
right_side_row_05,31,-0.14528351871320122,1.8155401290844044,1.3494511619681113,-0.08144849886838998,0.8367655171721133,0.5386413053987628,-0.05527346037736737,1
right_side_row_05,32,-0.20393343598324365,1.803826458929883,1.3497357781077917,-0.08144858471893555,0.8367655088156484,0.5386413110697116,-0.05527340511379656,1
right_side_row_05,33,-0.2625833448125027,1.79211272977148,1.350020394341634,-0.08144849886838998,0.8367655171721133,0.5386413053987628,-0.05527346037736737,1
right_side_row_05,34,-0.3212332115199571,1.7803991270611048,1.350305010108266,-0.081448408287525,0.8367655259890056,0.5386412994153416,-0.05527351868593031,1
right_side_row_05,35,-0.37988318779337094,1.768685448466318,1.3505896265268325,-0.0797939083672827,0.8369249195021632,0.5385309672975003,-0.05633834010148221,1
right_side_row_05,36,-0.4946785457483881,1.763692680148262,1.3717669503212284,-0.02931380164865599,0.8621268998828061,0.5050349586673549,0.02859370656679846,1
right_side_row_05,37,-0.5021473512375393,1.7498844707429786,1.3558661529207638,-0.07327268125791235,0.8425299598487033,0.5311769787574815,-0.05123863948909116,1
right_side_row_05,38,-0.5609368285009614,1.7391467922266333,1.3561492112468458,-0.07502850654837775,0.842375416466139,0.5312826156591722,-0.05013145955353032,1
right_side_row_05,39,-0.6197264237711259,1.7284090968297572,1.3564322701307001,-0.07502850654837775,0.842375416466139,0.5312826156591722,-0.05013145955353032,1
right_side_row_05,40,-0.6785159010345477,1.7176714183134119,1.356715328456782,-0.07502850654837775,0.842375416466139,0.5312826156591722,-0.05013145955353032,1
right_side_row_05,41,-0.7373054794231458,1.7069336049087735,1.3569983875289604,-0.07502841646902458,0.8423754244893019,0.5312826102983652,-0.05013151636619719,1
right_side_row_05,42,-0.7960949735681345,1.6961960444001905,1.3572814456667184,-0.07502832638966708,0.8423754325124555,0.5312826049375521,-0.05013157317886566,1
right_side_row_05,43,-0.8548845688382992,1.6854583490033144,1.3575645045505724,-0.07502850654837775,0.842375416466139,0.5312826156591722,-0.05013145955353032,1
right_side_row_05,44,-0.9136740292201545,1.6747205524792068,1.3578475630649787,-0.07502850654837775,0.842375416466139,0.5312826156591722,-0.05013145955353032,1
right_side_row_05,45,-0.972463624490319,1.6639828570823307,1.358130621948833,-0.043561277068687336,0.8445874935147488,0.5290434617818963,-0.06990991692489966,1
right_side_row_05,46,-1.1303597687348348,1.8132485921219696,1.4908357616269012,0.14782469758783254,0.9643131379842222,0.21112785332244116,0.06060577732812121,1
right_side_row_05,47,-1.1576136124205822,1.8694935416567473,1.5059359849997385,0.14424622345898622,0.9785263678858299,0.147220136490218,0.00232503371742305,1
right_side_row_05,48,-1.2195058762395838,1.8804479254899706,1.5061852586483764,0.08679310552434348,0.9852863593700135,0.14682751841297642,0.010928252811477933,1
right_side_row_05,49,-1.2813981432442945,1.89139977866071,1.5064337034702862,0.08679381472249297,0.9852862968970456,0.1468275262789733,0.010928147126659033,1
right_side_row_05,50,-1.3432906631440562,1.9023517160781502,1.5066821492194162,0.08679367544259069,0.9852863091661945,0.14682752473417088,0.010928167882172787,1
right_side_row_05,51,-1.405183048155509,1.913303552368359,1.5069305945990983,0.40874740958818434,0.9006929600491638,0.14213769583370092,-0.03840081113610508,1
right_side_row_05,52,-1.5252395161703771,2.139669730596967,1.514127063395264,0.5198914030476739,0.8490436897259253,0.07233552210329385,0.0600442688002103,1
right_side_row_06,0,-1.065005431052941,2.5317336189443176,1.6578789114524768,0.7940543806432189,-0.5907111110099883,0.08576196524195244,-0.11481685080378022,1
right_side_row_06,1,-0.9234854449284072,2.053851895985323,1.6395757941211062,0.8283783962771895,-0.509849497255244,-0.0336917500662342,-0.22958133353406762,1
right_side_row_06,2,-0.8591350645031296,2.0257136812064522,1.6393558513620405,0.952042236978907,-0.19943578213633606,0.04599118266728296,-0.22743297678377977,1
right_side_row_06,3,-0.7947789593218769,1.9975690569364764,1.6391339902661615,0.9550327754986508,-0.1845803621313511,0.049518698894297955,-0.2266944774329953,1
right_side_row_06,4,-0.7216884276171088,1.9672300722632672,1.636872910864552,0.9575758833421403,-0.15993448741624966,0.03569970402200822,-0.2370546740926284,1
right_side_row_06,5,-0.65834388180401,1.9461271492581202,1.6366406652206427,0.966846833711566,-0.08796483823379789,0.05330598262134377,-0.2337260353345221,1
right_side_row_06,6,-0.5117971038385954,1.8224073479020597,1.5090834695674828,0.8435859319238548,0.05991716637362916,-0.05964708025241758,-0.5302970247429999,1
right_side_row_06,7,-0.4530075338907805,1.8331452203105791,1.5088004104011425,0.8425860345806191,0.07263653141354835,-0.05164032840461064,-0.5311365032796939,1
right_side_row_06,8,-0.41224195386355444,1.8395517971999653,1.508365879401637,0.8439588981258813,0.051823132770855276,-0.025913417943456217,-0.5332693840400462,1
right_side_row_06,9,-0.3304025439327033,1.8495619923243998,1.5035267362666165,0.8371934555977366,0.07692533133207108,-0.05818353353090365,-0.5383347357635672,1
right_side_row_06,10,-0.271752677225249,1.8612755950347748,1.5032421204999844,0.8371483658247925,0.07741448374243763,-0.05786897885348301,-0.5383686400508731,1
right_side_row_06,11,-0.23024027698889082,1.8553981336428869,1.4722811526089525,0.8059492099673351,0.04968935531396958,-0.03667442078143104,-0.588754469861467,1
right_side_row_06,12,-0.17095707306935737,1.8626849196072348,1.4720036011665003,0.8060527874745087,0.04797983829759897,-0.03792307700670943,-0.5886753597288185,1
right_side_row_06,13,-0.11167388603139072,1.869971823579345,1.4717260495357238,0.8060527838548771,0.04797989910673116,-0.0379230325966677,-0.5886753625897577,1
right_side_row_06,14,-0.05239069899342397,1.8772587275514552,1.4714484979049474,0.8060527838548771,0.04797989910673116,-0.0379230325966677,-0.5886753625897577,1
right_side_row_06,15,0.006892488044542788,1.8845456315235651,1.4711709462741709,0.8060527838548771,0.04797989910673116,-0.0379230325966677,-0.5886753625897577,1
right_side_row_06,16,0.06617567508250949,1.8918325354956755,1.4708933946433946,0.8060527838548771,0.04797989910673116,-0.0379230325966677,-0.5886753625897577,1
right_side_row_06,17,0.12545886212047613,1.8991194394677857,1.4706158430126182,0.8060527838548771,0.04797989910673116,-0.0379230325966677,-0.5886753625897577,1
right_side_row_06,18,0.18474204915844294,1.9064063434398961,1.4703382913818417,0.8060527838906794,0.04797989850525951,-0.03792303303593363,-0.5886753625614598,1
right_side_row_06,19,0.24402520669472405,1.9136932431918736,1.4700607398905083,0.8059748369309538,0.049271932300365244,-0.03697934294538767,-0.5887353965210839,1
right_side_row_06,20,0.31553071371670416,1.9240502526626155,1.4697090044705838,0.8047549091628965,0.0652987456001434,-0.05291925841317234,-0.5876267200274898,1
right_side_row_06,21,0.3744166099657784,1.9341143513121497,1.4694270208197464,0.8046229213393624,0.06690548896797896,-0.051745824475420255,-0.5877312137794154,1
right_side_row_06,22,0.43561363574424794,1.944299474979207,1.4681284412943838,0.8032715110550571,0.069527731297357,-0.05495584250168565,-0.5889827072868079,1
right_side_row_06,23,0.4920770717024757,1.9542711706637652,1.4679524720520891,0.803607014061753,0.06697045296570833,-0.051505133387870904,-0.589133216356894,1
right_side_row_06,24,0.5533201810425851,1.9645541515891614,1.4670212366517834,0.8026875817857431,0.06930128164628023,-0.055043115107686426,-0.589796773379086,1
right_side_row_06,25,0.609760291409539,1.9743346707220124,1.4665561137734469,0.8027103475351369,0.06663063725654295,-0.05157781876322024,-0.5903864706702172,1
right_side_row_06,26,0.6686528305550791,1.9843523333170907,1.4662742042281542,0.8027309081129177,0.06638237291417724,-0.0517604106175604,-0.5903705019893825,1
right_side_row_06,27,0.7275453697006192,1.9943699959121692,1.4659922946828616,0.8027309081129177,0.06638237291417724,-0.0517604106175604,-0.5903705019893825,1
right_side_row_06,28,0.7864379088461594,2.0043876585072473,1.465710385137569,0.8027309081129177,0.06638237291417724,-0.0517604106175604,-0.5903705019893825,1
right_side_row_06,29,0.8453304553671209,2.014405322157359,1.4654284755574156,0.8026997738575603,0.0667578977366307,-0.05148421852421118,-0.5903946403735033,1
right_side_row_06,30,0.9051129615907663,2.0244595350966517,1.4635463296977724,0.800874269764978,0.06728615316028873,-0.05312509301647318,-0.5926640718934247,1
right_side_row_06,31,0.9585766799073042,2.0311967584041524,1.4559920894528187,0.7933819745218893,0.05903439214661456,-0.04664508040013211,-0.6040564704744856,1
right_side_row_06,32,1.0599221410592956,2.1649022596286827,1.6077757749184363,0.933379797826236,0.18244146092563984,-0.10175619878231433,-0.291826904781837,1
right_side_row_06,33,1.11338493547419,2.2368746199197433,1.6280631627598952,0.9260764486196353,0.2892461736724589,-0.0852545530509222,-0.22682751930039952,1
right_side_row_06,34,1.167758629042983,2.2784803008161463,1.627730724014064,0.8429696004071963,0.480294898208452,-0.034861024861891673,-0.2397994422217098,1
right_side_row_06,35,1.2130887736343325,2.5132056596775936,1.6466524376704461,0.7457371920973506,0.6479286132081696,-0.1093044395184141,-0.11007766354017041,1
right_side_row_06,36,1.2301544445347432,2.8052391195903934,1.6468427847349236,0.7218200037930869,0.6756735383297782,-0.11176411667171443,-0.09974935563529902,1
roof_row_00,0,-1.0944817470152142,1.857717453165156,1.517115148384693,0.9711952580300696,0.0923674189626317,0.11037361120642518,-0.189909706553775,1
roof_row_00,1,-1.0383873137828825,1.8599807450644292,1.5291122187792072,0.9699051437011262,0.09358929683448439,0.10239261839041897,-0.20010199259197453,1
roof_row_00,2,-0.987375183997545,1.86729815706863,1.5415734405962054,0.970001109423757,0.09258937291372092,0.10218627904829056,-0.20020744270478427,1
roof_row_00,3,-0.9385364065941356,1.871102261587107,1.5522305249181396,0.9681169328519744,0.09279152051063225,0.10704923622056664,-0.20659089784209694,1
roof_row_00,4,-0.8816226183489134,1.8741660768604658,1.5640957185589355,0.9670296170478521,0.09455329905387352,0.09751415255690105,-0.21541676685305347,1
roof_row_00,5,-0.8306121863986015,1.8814826313182447,1.576171779858148,0.9682595374947865,0.08099428782370165,0.09448622457001424,-0.21676195874003854,1
roof_row_00,6,-0.6922586891858696,1.7620876068924558,1.4535406337780348,0.8424688524644747,0.07395422919228767,-0.050808383656901275,-0.5312207759133097,1
roof_row_00,7,-0.6413209656674196,1.769367437608155,1.4491225028632548,0.8448902072653085,0.03719587417198617,-0.07389401342563387,-0.5285041905147186,1
roof_row_00,8,-0.5903825816003169,1.7766477252227972,1.4447050832838844,0.8448910058981295,0.03719557798504594,-0.07389524846422821,-0.528502761946629,1
roof_row_00,9,-0.5394448591328321,1.7839275554076723,1.440286713953432,0.8448910074651294,0.03719554239089856,-0.07389527072935471,-0.5285027588335189,1
roof_row_00,10,-0.4885071356143821,1.7912073861233715,1.4358685830386522,0.8448910074651294,0.03719554239089856,-0.07389527072935471,-0.5285027588335189,1
roof_row_00,11,-0.43756941314689735,1.7984872163082466,1.4314502137082,0.8436921652061329,0.058376821076366325,-0.06061522184137961,-0.5301900338670333,1
roof_row_00,12,-0.3867136579885522,1.8039907359269522,1.4290530871576617,0.8401454657932231,0.05233940657049939,-0.06409049175805014,-0.5360117458537149,1
roof_row_00,13,-0.33117779805277003,1.8116922211266555,1.4221566956634242,0.8402566300725952,0.027913873168628308,-0.08951539554257855,-0.53401929297042,1
roof_row_00,14,-0.28024935328324907,1.81896740803308,1.4156604151032106,0.8403259437043162,0.025742902588451275,-0.09089478292469634,-0.5337862397447539,1
roof_row_00,15,-0.2293207315036141,1.8262426202603004,1.4091641337063388,0.8403259562521663,0.025742492985537855,-0.09089504310991359,-0.5337861954395398,1
roof_row_00,16,-0.1783921692528333,1.8335178237818437,1.4026677333805169,0.8403259704233036,0.02574203038537336,-0.09089533695965885,-0.5337861454016596,1
roof_row_00,17,-0.12746360700205261,1.8407930273033868,1.3961713330546952,0.8403259437043162,0.025742902588451275,-0.09089478292469634,-0.5337862397447539,1
roof_row_00,18,-0.07653504370030617,1.848068231355754,1.3896751711445454,0.8401865540452106,0.02994900829514857,-0.08822166485867497,-0.5342345450767249,1
roof_row_00,19,-0.0431349611784978,1.8405232041406816,1.3536463302548238,0.8063174914861285,0.043304318514512066,-0.04133646911202727,-0.5884455244479824,1
roof_row_00,20,0.007835319154207654,1.8478194787270439,1.3566138400209247,0.8040564583854295,0.07427228828553312,-0.01868230918371438,-0.589599703396359,1
roof_row_00,21,0.05880559948691316,1.8551157533134062,1.3595813497870257,0.8040564992055449,0.07427184637406646,-0.01868263322919413,-0.589599693128426,1
roof_row_00,22,0.10977587981961867,1.8624120278997682,1.3625488595531268,0.8040564583854295,0.07427228828553312,-0.01868230918371438,-0.589599703396359,1
roof_row_00,23,0.16074616120328983,1.8697083030169548,1.3655166077348995,0.8040564175650773,0.07427273019691384,-0.018681985138275584,-0.5895997136641128,1
roof_row_00,24,0.21171644153599528,1.8770045776033168,1.3684841175010005,0.8040564583854295,0.07427228828553312,-0.01868230918371438,-0.589599703396359,1
roof_row_00,25,0.2626867218687008,1.884300852189679,1.3714516272671013,0.8055465726691644,0.05583798294576918,-0.03218065826669651,-0.5890171849403315,1
roof_row_00,26,0.32603681968811915,1.8934027230059618,1.3693906492903927,0.8063776305925338,0.04061412166605699,-0.07089658883220475,-0.5857297019045756,1
roof_row_00,27,0.3769735137857042,1.9006820337794013,1.3647389902250888,0.8069793767408122,0.02605140137774318,-0.08145817488837787,-0.5843544949301924,1
roof_row_00,28,0.4302212400751623,1.9080413232798392,1.357807908488777,0.8059166008793458,0.024034523484221353,-0.08814362202993245,-0.5849371556017039,1
roof_row_00,29,0.4787722989858151,1.9149314439471148,1.3520712509101103,0.8060063838362559,0.024959644125687925,-0.08216675527112069,-0.5856443884376739,1
roof_row_00,30,0.5320661036405642,1.9224196522624633,1.3464464671886482,0.8052428557906277,0.026343211440812385,-0.08645657945966241,-0.5860164146824507,1
roof_row_00,31,0.5829962581229836,1.929695657321865,1.3403095976610333,0.8052513386077643,0.026082623741964885,-0.08664621692635974,-0.5859884056032928,1
roof_row_00,32,0.6315141419952246,1.9364898391853393,1.3350806608495662,0.8049463557069272,0.02906707256748396,-0.07909572838438121,-0.5873332405694728,1
roof_row_00,33,0.6824509624760957,1.9437692131251996,1.330457254032655,0.8048882851283303,0.030632968133726284,-0.07795297483839389,-0.5874860027612049,1
roof_row_00,34,0.7333877866446776,1.9510485875925765,1.325833847198313,0.8050254066743268,0.026788521466125245,-0.08075788307248338,-0.5871070039167859,1
roof_row_00,35,0.7866653495962055,1.9582433570419084,1.3185912641429336,0.8033747977503565,0.023437594194367396,-0.0885484310252767,-0.5883865981486286,1
roof_row_00,36,0.8375953390770161,1.9655192787619178,1.3124169633548466,0.8034276505754361,0.021549867119794588,-0.08993069852210898,-0.5881769146959779,1
roof_row_00,37,0.888525322233371,1.972795199957718,1.3062429010172925,0.8033455494644259,0.024419554413328402,-0.0878291706278325,-0.5884943927555989,1
roof_row_00,38,0.9380568538976628,1.9798179675980765,1.3008285019179713,0.803267867908324,0.026225078926699213,-0.08337638916643268,-0.5891700563936282,1
roof_row_00,39,0.9889908149963691,1.9870958926418303,1.2955535050090363,0.803253202837523,0.026670480122369344,-0.08304968654427389,-0.5892161973216634,1
roof_row_00,40,1.0399247903204354,1.9943738195302383,1.2902783888225442,0.8032531882084418,0.026670920712831506,-0.08304936335471404,-0.5892162428749569,1
roof_row_00,41,1.090858737193782,2.001651742729338,1.2850035111911666,0.8032531739367951,0.026671350531256747,-0.08304904806681583,-0.5892162873143436,1
roof_row_00,42,1.1417926835416452,2.0089296656630253,1.2797285143519532,0.8032531834150685,0.026670909771538538,-0.08304937223077871,-0.5892162486537439,1
roof_row_00,43,1.1927266003878234,2.01620758437658,1.274453517652183,0.8028520633056103,0.036818182034535366,-0.07559777812567862,-0.5902185712598824,1
roof_row_00,44,1.2382086614414503,2.0204569209980585,1.2646454323431897,0.7943965133471044,0.043291831626370965,-0.05861297239338655,-0.6030128658358874,1
roof_row_00,45,1.2891582093745555,2.027742724016322,1.2629097161517806,0.7942289354492922,0.04626447015460014,-0.056355852527902775,-0.6032279956884058,1
roof_row_00,46,1.3401077583586265,2.0350285275654096,1.2611742383760436,0.7942289354492922,0.04626447015460014,-0.056355852527902775,-0.6032279956884058,1
roof_row_00,47,1.391057306291732,2.0423143305836726,1.2594385221846345,0.7942289870680507,0.04626358399930115,-0.05635652557520159,-0.6032279328093897,1
roof_row_00,48,1.4420068542248372,2.049600133601936,1.2577028059932254,0.7943056200399904,0.0449286665336129,-0.05737028468477351,-0.603132363027873,1
roof_row_00,49,1.4999216035228882,2.0564325969015056,1.2496086165340168,0.7879234771162813,0.037462315611234344,-0.07903522519595677,-0.6095298206784122,1
roof_row_00,50,1.5445943652616,2.0623901788142964,1.242838738790969,0.7870024236181128,0.02977090335614089,-0.07078275260929509,-0.6121524977206474,1
roof_row_00,51,1.5955415789999718,2.069674802872112,1.240573501392502,0.7875030476170818,-0.009903103616157583,-0.10152309130345814,-0.607810776858033,1
roof_row_00,52,1.691922434760683,2.128511212643229,1.3108115414105515,0.880392754389315,-0.009975381623359583,-0.1812201198412011,-0.4381419381262243,1
roof_row_00,53,1.7427981728499136,2.1357597356156983,1.292331773381108,0.8803030491703046,-0.016045305893033268,-0.1842367279783773,-0.4368820411095939,1
roof_row_00,54,1.7936739109391437,2.1430082585881682,1.2738520053516644,0.8803030424676538,-0.016045673620282953,-0.1842369104762319,-0.43688196414871183,1
roof_row_00,55,1.8445496485028916,2.150256781295226,1.255372118114385,0.8803030424676538,-0.016045673620282953,-0.1842369104762319,-0.43688196414871183,1
roof_row_00,56,1.8954253865921218,2.1575053042676955,1.2368923500849416,0.8803030491703046,-0.016045305893033268,-0.1842367279783773,-0.4368820411095939,1
roof_row_00,57,1.946301124681352,2.1647538272401654,1.218412582055498,0.8803030424676538,-0.016045673620282953,-0.1842369104762319,-0.43688196414871183,1
roof_row_00,58,1.9971768622450998,2.172002349947223,1.199932694818219,0.8802813003338795,-0.017197165528966916,-0.18480822883532216,-0.4366405940072619,1
roof_row_00,59,2.0549398211322134,2.170022874167761,1.1626706395199318,0.8613929262200053,-0.01790725589275339,-0.20408679869285135,-0.4647904209897527,1
roof_row_00,60,2.0672293666925396,2.172134770848081,1.1548708140134731,0.8737807669125424,-0.015573397718177064,-0.12121212356496229,-0.47071462879128084,1
roof_row_00,61,2.118152884308146,2.179407426413682,1.147230018463033,0.8735211303789295,0.026385490790893355,-0.09847839831005976,-0.47599017397791543,1
roof_row_01,0,2.09667437563469,2.679416381035135,1.3017856382065482,-0.06661192700861816,0.9892917398001306,0.009994320539490226,-0.12947902648839688,1
roof_row_01,1,2.083534285136842,2.6745729298334835,1.3053147945736538,-0.06504374015017446,0.9775859067922078,0.010195779701487682,-0.19997788073887615,1
roof_row_01,2,2.0378806487289034,2.666069005437613,1.3265720949753932,-0.06320364305170839,0.9756267417383029,0.012790384043423687,-0.20974786384160582,1
roof_row_01,3,1.985019987456829,2.658094475501871,1.3497609206640178,-0.06324217780967069,0.9764411067668383,0.013878251413533731,-0.20584116716425918,1
roof_row_01,4,1.9341616875153336,2.650854760229187,1.372196600727728,-0.06320879245629114,0.9764432684976511,0.013871213528329984,-0.2058416415526587,1
roof_row_01,5,1.883303387573838,2.643615044956504,1.3946322807914384,-0.06320884935131516,0.9764432648146236,0.013871225522232258,-0.2058416407444158,1
roof_row_01,6,1.832445086581377,2.6363753291529957,1.4170677224394772,-0.06320884935131516,0.9764432648146236,0.013871225522232258,-0.2058416407444158,1
roof_row_01,7,1.7815867866398811,2.6291356138803126,1.4395034025031874,-0.06320879245629114,0.9764432684976511,0.013871213528329984,-0.2058416415526587,1
roof_row_01,8,1.7307284866983856,2.6218958986076286,1.4619390825668979,-0.06321391339134518,0.9764429369870569,0.013872293060243901,-0.20584156880254398,1
roof_row_01,9,1.6767579939877786,2.608363768293959,1.4856199907223835,-0.0611893355701043,0.9777293552222995,0.024507593678435854,-0.19924997114471138,1
roof_row_01,10,1.6258957245489802,2.601122048098443,1.5071551747937224,-0.06147491550776285,0.9777114408731432,0.02456579106400294,-0.1992428042828031,1
roof_row_01,11,1.575033455110182,2.5938803279029274,1.5286903588650613,-0.06156234495361923,0.9777059397051528,0.024583607814613374,-0.19924060674444075,1
roof_row_01,12,1.4980199183928486,2.582629089533424,1.5594862977791557,-0.0620787613455633,0.9863371068942355,0.02862445740288019,-0.14988655507316428,1
roof_row_01,13,1.4471318519509284,2.5753743397282083,1.575169330770602,-0.06404584919087261,0.9862113314336385,0.02892334342345105,-0.1498291665815409,1
roof_row_01,14,1.3962437855090082,2.5681195899229925,1.5908523637620482,-0.06404584919087261,0.9862113314336385,0.02892334342345105,-0.1498291665815409,1
roof_row_01,15,1.3453557190670882,2.5608648401177767,1.6065353967534945,-0.06404584919087261,0.9862113314336385,0.02892334342345105,-0.1498291665815409,1
roof_row_01,16,1.294467652625168,2.5536100903125605,1.6222184297449407,-0.06404584919087261,0.9862113314336385,0.02892334342345105,-0.1498291665815409,1
roof_row_01,17,1.2435795861832477,2.5463553405073447,1.637901462736387,-0.0639780394473807,0.986215732745711,0.028913041450868458,-0.14983115492904128,1
roof_row_01,18,1.1944950712877311,2.543391201737164,1.6533378695064878,-0.06500997211811878,0.9857530888496021,0.02156164894393212,-0.1536217648755819,1
roof_row_01,19,1.1436091477647943,2.5361375342823997,1.6695070320527248,-0.06492308736941997,0.9857588147785754,0.021548116109602045,-0.15362366518504902,1
roof_row_01,20,1.0927232526925774,2.5288838705169434,1.6856759560438475,-0.06492312231734873,0.9857588124768684,0.02154812155599402,-0.15362366442110745,1
roof_row_01,21,1.0418373286441578,2.521630202796767,1.7018449993822486,-0.06492309007296267,0.9857588146005173,0.021548116530930403,-0.1536236651259511,1
roof_row_01,22,0.9909513750940526,2.5143765308564574,1.7180140428600932,-0.06492305512506504,0.9857588169022211,0.021548111084543266,-0.1536236658898918,1
roof_row_01,23,0.9400655400761727,2.5071228760620907,1.7341832049880013,-0.0652082497640421,0.9857399613483591,0.021592571275686586,-0.1536176214805791,1
roof_row_01,24,0.838320358175338,2.4919597347926024,1.7603315435072007,-0.06575196409538142,0.9955726948498473,0.02948644327702549,-0.06035095815215395,1
roof_row_01,25,0.787389618323707,2.4846834314034103,1.766333946561062,-0.06876944222891627,0.9953688137210807,0.02966924365303356,-0.06026130157961414,1
roof_row_01,26,0.7364588637212333,2.477407125904153,1.772336349684645,-0.06883170115552406,0.9953645103322823,0.02967301286323775,-0.06025944568804467,1
roof_row_01,27,0.6842742876963578,2.4681363010747273,1.7781956539408004,-0.0686564198183552,0.9954166874133961,0.033067101977923084,-0.05777959158257146,1
roof_row_01,28,0.6333422966607762,2.4608593670697476,1.7839150576096707,-0.0686909346571911,0.9954143062359786,0.033069105396104255,-0.057778444985725215,1
roof_row_01,29,0.5824103050997117,2.453582432799356,1.7896343420707055,-0.06869097785889607,0.995414303254741,0.033069107903730785,-0.057778443550501934,1
roof_row_01,30,0.5314783098509366,2.4463054980014474,1.7953536265491703,-0.06869093494456512,0.9954143062161477,0.03306910541278478,-0.05777844497617825,1
roof_row_01,31,0.4805463151276443,2.439028563468951,1.8010730302354712,-0.0686909346571911,0.9954143062359786,0.033069105396104255,-0.057778444985725215,1
roof_row_01,32,0.42961432725429055,2.431751629726076,1.8067923146790756,-0.06869097757152506,0.9954143032745717,0.03306910788705044,-0.05777844356004881,1
roof_row_01,33,0.37868233938093676,2.424474695983201,1.81251159912268,-0.06869093436981705,0.9954143062558095,0.03306910537942376,-0.05777844499527221,1
roof_row_01,34,0.3277503667839087,2.417197764615804,1.8182310027043984,-0.06869093446853494,0.9954143057862329,0.03306910711494456,-0.0577784519745194,1
roof_row_01,35,0.276818378910555,2.4099208308729287,1.8239502871480027,-0.06995256404536952,0.9953264406341906,0.033142314572186846,-0.057736490564890865,1
roof_row_01,36,0.17283552877149783,2.3950096351179195,1.8269796139227719,-0.07008669710108974,0.9960156266853806,0.04007216338223447,0.03788070762084916,1
roof_row_01,37,0.12185978341735365,2.387710600245953,1.8227723426633342,-0.07245435762738973,0.9958461928294015,0.039981995172897876,0.03797586536187326,1
roof_row_01,38,0.07088403806320948,2.380411565373987,1.8185650714038963,-0.07219269164543231,0.9958651961912309,0.03999197213795651,0.03796535858523744,1
roof_row_01,39,0.024446200638937765,2.38238214663641,1.815994691589592,-0.07172750367115514,0.9967230348914493,0.02404173512409475,0.028641786014598263,1
roof_row_01,40,-0.026524764923378852,2.3750855259526986,1.8128717348054804,-0.07164699029395451,0.9967288256330981,0.024044048667534564,0.02863984388149484,1
roof_row_01,41,-0.07749572996021259,2.3677889055344,1.8097488972292046,-0.07164696415558774,0.9967288275119791,0.024044049418590126,0.028639843250960074,1
roof_row_01,42,-0.12846669499704644,2.360492285116101,1.8066260596529289,-0.07164696415558774,0.9967288275119791,0.024044049418590126,0.028639843250960074,1
roof_row_01,43,-0.1794376600338803,2.353195664697802,1.803503222076653,-0.07164696415558774,0.9967288275119791,0.024044049418590126,0.028639843250960074,1
roof_row_01,44,-0.23040862507071413,2.345899044279503,1.8003803845003772,-0.07164696415558774,0.9967288275119791,0.024044049418590126,0.028639843250960074,1
roof_row_01,45,-0.281379590107548,2.338602423861204,1.7972575469241014,-0.07164696415558774,0.9967288275119791,0.024044049418590126,0.028639843250960074,1
roof_row_01,46,-0.3323505551443817,2.331305803442905,1.7941347093478255,-0.07164698943991685,0.9967288256944881,0.024044048692074334,0.02863984386089292,1
roof_row_01,47,-0.38332157971006964,2.324009174318929,1.7910117528426,-0.07164696415558774,0.9967288275119791,0.024044049418590126,0.028639843250960074,1
roof_row_01,48,-0.434292426214678,2.3167125710465726,1.7878890339163882,-0.07164696500961137,0.9967288274505902,0.02404404939405075,0.028639843271561653,1
roof_row_01,49,-0.48526339177699473,2.3094159503628617,1.7847660771322762,-0.07181082559462176,0.9967170352680522,0.024039340698033155,0.028643795710189233,1
roof_row_01,50,-0.5969586755126203,2.293916995936861,1.7702763318957808,-0.07123793397469062,0.9871998827853048,0.03113979524622964,0.13925466363364944,1
roof_row_01,51,-0.6479820359170146,2.2865939115457437,1.755267400209976,-0.073448925496459,0.9870378448426977,0.030827808906898454,0.139324062493518,1
roof_row_01,52,-0.699005396321409,2.2792708271546265,1.7402584685241709,-0.07345416083080641,0.9870374552492647,0.030827069919406137,0.13932422600496291,1
roof_row_01,53,-0.7504286208017484,2.272029596746574,1.725116170682131,-0.0734122435603075,0.986944585050032,0.030634101809781263,0.14004492258618362,1
roof_row_01,54,-0.801427614530522,2.2647090474936658,1.7100397718707003,-0.07342290256762965,0.9869503804863458,0.030630849339974706,0.13999919608738343,1
roof_row_01,55,-0.8524513038871683,2.257385796954588,1.6949562160796234,-0.0734100437309263,0.9869513370187113,0.030632673366185498,0.13999879699069717,1
roof_row_01,56,-0.903216767353242,2.2505422088763964,1.6800529656931789,-0.07330653863179401,0.9870612861397263,0.029817000189280393,0.13945291426760184,1
roof_row_01,57,-0.9542401540317776,2.243219111214675,1.665038073615579,-0.07330631979338585,0.9870613023922755,0.029817031106968296,0.13945290765696047,1
roof_row_01,58,-1.0052635417612792,2.2358960130221295,1.6500229431223075,-0.07330631979338585,0.9870613023922755,0.029817031106968296,0.13945290765696047,1
roof_row_01,59,-1.0562869284398149,2.2285729153604086,1.6350080510447076,-0.07330631979338585,0.9870613023922755,0.029817031106968296,0.13945290765696047,1
roof_row_01,60,-1.1073103161693165,2.2212498171678634,1.6199929205514358,-0.07330631979338585,0.9870613023922755,0.029817031106968296,0.13945290765696047,1
roof_row_01,61,-1.1583337028478526,2.213926719506142,1.604978028473836,-0.07330631979338585,0.9870613023922755,0.029817031106968296,0.13945290765696047,1
roof_row_02,0,-1.1970580095872876,2.4827320885338837,1.6163029929900092,0.986950383359366,0.07342286394849067,0.13999919488880533,-0.030630854818110672,1
roof_row_02,1,-1.1460343202306413,2.4900553390729616,1.6313865487810861,0.9869503850471043,0.0734228412619035,0.13999919418470752,-0.030630858036209567,1
roof_row_02,2,-1.0950106313994779,2.497378589346627,1.6464699853643272,0.9869503850471043,0.0734228412619035,0.13999919418470752,-0.030630858036209567,1
roof_row_02,3,-1.0439869420428316,2.504701839885705,1.661553541155404,0.986950383359366,0.07342286394849067,0.13999919488880533,-0.030630854818110672,1
roof_row_02,4,-0.9929632526861852,2.5120250904247823,1.676637096946481,0.986950383359366,0.07342286394849067,0.13999919488880533,-0.030630854818110672,1
roof_row_02,5,-0.9419395633295388,2.51934834096386,1.691720652737558,0.9869503850471043,0.0734228412619035,0.13999919418470752,-0.030630858036209567,1
roof_row_02,6,-0.8909158744983753,2.5266715912375255,1.7068040893207992,0.9869503850471043,0.0734228412619035,0.13999919418470752,-0.030630858036209567,1
roof_row_02,7,-0.839892185141729,2.533994841776603,1.721887645111876,0.9869503838618171,0.07342285719454242,0.13999919467919075,-0.03063085577616017,1
roof_row_02,8,-0.78886837777834,2.5413181091962116,1.736971200345181,0.986950382174081,0.07342287988109322,0.1399991953832873,-0.030630852558066416,1
roof_row_02,9,-0.7378455656390742,2.5486415953294497,1.7520546402678547,0.986950165743144,0.07342279333404847,0.14000087721928225,-0.03063034665879186,1
roof_row_02,10,-0.6868218752314622,2.5559648463993514,1.7671384344746035,0.9869510518527659,0.07341088126505849,0.1400005075139865,-0.030632036406881835,1
roof_row_02,11,-0.6354226560148731,2.5632031040901797,1.782258552344473,0.9871997033191671,0.07124042093398056,0.13925474208075544,-0.03113944443499632,1
roof_row_02,12,-0.5237273722792474,2.5787020585161806,1.7967482975809683,0.9967170352680522,0.07181082559462176,0.028643795710189233,-0.024039340698033155,1
roof_row_02,13,-0.47275640671693087,2.5859986791998915,1.7998712543650799,0.9967288274505902,0.07164696500961137,0.028639843271561653,-0.02404404939405075,1
roof_row_02,14,-0.4217855602123224,2.5932952824722477,1.802993973291292,0.9967276136709708,0.07166384870971317,0.028640250552518863,-0.024043564256825783,1
roof_row_02,15,-0.37534893858949747,2.591324034135153,1.8052742010012164,0.9958728717382862,0.07208673281367561,0.03796110329011463,-0.039996011363459746,1
roof_row_02,16,-0.3243731932353533,2.5986230690071195,1.8094814722606538,0.9958461928294015,0.07245435762738973,0.03797586536187326,-0.039981995172897876,1
roof_row_02,17,-0.2733974478812091,2.605922103879086,1.8136887435200915,0.9958461959920281,0.07245431415877435,0.03797586361666197,-0.03998199683054164,1
roof_row_02,18,-0.22242170305254783,2.61322113848564,1.8178958955716933,0.9958461959920281,0.07245431415877435,0.03797586361666197,-0.03998199683054164,1
roof_row_02,19,-0.17144595769840365,2.6205201733576065,1.822103166831131,0.9958461928294015,0.07245435762738973,0.03797586536187326,-0.039981995172897876,1
roof_row_02,20,-0.12047021234425948,2.627819208229573,1.8263104380905686,0.9958461928294015,0.07245435762738973,0.03797586536187326,-0.039981995172897876,1
roof_row_02,21,-0.06949446699011519,2.6351182431015396,1.8305177093500065,0.9958461928294015,0.07245435762738973,0.03797586536187326,-0.039981995172897876,1
roof_row_02,22,-0.018518721635971125,2.642417277973506,1.834724980609444,0.9958461928294015,0.07245435762738973,0.03797586536187326,-0.039981995172897876,1
roof_row_02,23,0.03245702371817305,2.6497163128454724,1.8389322518688815,0.9958461928294015,0.07245435762738973,0.03797586536187326,-0.039981995172897876,1
roof_row_02,24,0.08343276907231723,2.6570153477174387,1.8431395231283192,0.9958461928294015,0.07245435762738973,0.03797586536187326,-0.039981995172897876,1
roof_row_02,25,0.1344085144264614,2.664314382589405,1.8473467943877568,0.9960156266853806,0.07008669710108974,0.03788070762084916,-0.04007216338223447,1
roof_row_02,26,0.23839136245532266,2.6792255930953845,1.8443174675894474,0.9953264375765702,0.06995260755098769,-0.05773648911624358,-0.033142317095842984,1
roof_row_02,27,0.2893233508541592,2.6865025271036718,1.838598302353679,0.995414302804995,0.06869097767024547,-0.05777845053929583,-0.033069109622571695,1
roof_row_02,28,0.3402553234511873,2.693779458471069,1.8328788987719602,0.9954181707317756,0.0686349105072521,-0.05778030609402711,-0.03306585344955821,1
roof_row_02,29,0.3924396451610345,2.7030501521803125,1.826960228978667,0.9953658708985644,0.06881202467675288,-0.0602600288177085,-0.02967182564516647,1
roof_row_02,30,0.44337038501266546,2.710326455569504,1.8209578259248056,0.9953688138330651,0.06876944189339393,-0.0602612981521342,-0.029669247635351382,1
roof_row_02,31,0.49430112486429645,2.7176027589586957,1.8149554228709441,0.9953688137019912,0.06876944250521809,-0.060261301571378344,-0.029669243669761335,1
roof_row_02,32,0.5452318720913488,2.7248790634029207,1.8089530197822221,0.9953688138330651,0.06876944189339393,-0.0602612981521342,-0.029669247635351382,1
roof_row_02,33,0.5961626174745458,2.732155367583387,1.8029506167022151,0.9953688135005604,0.06876944178101863,-0.06026130209075101,-0.029669251051230403,1
roof_row_02,34,0.6470933591700322,2.739431671236337,1.7969482136396384,0.9953688135005604,0.06876944178101863,-0.06026130209075101,-0.029669251051230403,1
roof_row_02,35,0.6980240990216631,2.7467079746255285,1.7909458105857772,0.9953688137210807,0.06876944222891627,-0.06026130157961414,-0.02966924365303356,1
roof_row_02,36,0.7489548536241368,2.7539842801247865,1.7849434074621942,0.9953688137210807,0.06876944222891627,-0.06026130157961414,-0.02966924365303356,1
roof_row_02,37,0.7998855934757678,2.7612605835139776,1.778941004408333,0.9955562576199337,0.06600037444423885,-0.06034359890212311,-0.029501500954222073,1
roof_row_02,38,0.9037235235311447,2.776027642012752,1.7528668164961236,0.9851175064722673,0.06517043219041858,-0.15743799948098786,-0.022574089780117212,1
roof_row_02,39,0.9548849716204354,2.7836287128108532,1.7360319005039941,0.9850800613051053,0.0645926078956716,-0.15800631044939473,-0.02188775188400045,1
roof_row_02,40,1.0057687291777915,2.7908812755940913,1.7193646874799329,0.985078420826752,0.06461762141325213,-0.1580057546160945,-0.021891764035011068,1
roof_row_02,41,1.0566524561824961,2.798133833626373,1.7026972361796429,0.9850784256614517,0.06461754770950187,-0.15800575625403987,-0.02189175221299116,1
roof_row_02,42,1.1075361831872008,2.805386391658654,1.6860297848793533,0.9850784233368317,0.06461758314774538,-0.158005755466483,-0.02189175789725579,1
roof_row_02,43,1.1584199101919057,2.8126389496909354,1.6693623335790633,0.9850721293341588,0.06471346215974134,-0.1580036239569188,-0.0219071367560133,1
roof_row_02,44,1.2042701105451519,2.8282195068357106,1.6546993618000139,0.9864242421839692,0.06727601880845831,-0.1496563252302623,-0.0066434963415302655,1
roof_row_02,45,1.2551575222354652,2.835473925937478,1.638867795845039,0.986418637266312,0.0673581496821752,-0.14965577156441912,-0.006655956920261518,1
roof_row_02,46,1.3060449339257783,2.8427283450392458,1.623036229890064,0.9864186346595791,0.0673581878561593,-0.14965577130683624,-0.006655962711876587,1
roof_row_02,47,1.356932346667057,2.8499827646718376,1.607204902350761,0.9864186346595791,0.0673581878561593,-0.14965577130683624,-0.006655962711876587,1
roof_row_02,48,1.4078197583573702,2.857237183773605,1.5913733363957863,0.986418637266312,0.0673581496821752,-0.14965577156441912,-0.006655956920261518,1
roof_row_02,49,1.4587071700476835,2.8644916028753724,1.5755417704408115,0.9864806364786792,0.06644397736103703,-0.1496618755727482,-0.006517263621580547,1
roof_row_02,50,1.5384709283269409,2.8760208775779352,1.5431043127883544,0.9766946507140314,0.06578402718186085,-0.20429055757633063,-0.0023214477130205653,1
roof_row_02,51,1.5893297192186946,2.8832608194596117,1.5207666212868658,0.9767015129978883,0.06568206355850434,-0.20429079881354228,-0.002300120531004261,1
roof_row_02,52,1.6401884511070768,2.8905007529010227,1.4984289300642635,0.9767015129978883,0.06568206355850434,-0.20429079881354228,-0.002300120531004261,1
roof_row_02,53,1.6910471829954594,2.897740686342434,1.476091238841661,0.9767015129978883,0.06568206355850434,-0.20429079881354228,-0.002300120531004261,1
roof_row_02,54,1.7419059148838416,2.9049806197838453,1.4537535476190586,0.976700408540661,0.0656984849305792,-0.20429076011250857,-0.002303555292549273,1
roof_row_02,55,1.7922508677038391,2.9103787303280853,1.431791775256152,0.9769807748657562,0.0650836967857974,-0.20308337545472444,-0.00546082130422211,1
roof_row_02,56,1.843110376255845,2.917619056048547,1.4096302732150066,0.9769800773834694,0.06509416594740908,-0.2030833169258012,-0.005462997511969013,1
roof_row_02,57,1.8939698842823685,2.9248593815035964,1.3874686519660249,0.9769800760391729,0.06509418612357522,-0.20308331681298172,-0.0054630017059570405,1
roof_row_02,58,1.944829393359857,2.9320997074894697,1.3653072691327153,0.9769800760391729,0.06509418612357522,-0.20308331681298172,-0.0054630017059570405,1
roof_row_02,59,1.99568890138638,2.939340032944519,1.3431456478837338,0.9769962287714992,0.06485129922266157,-0.20308466868207156,-0.005412513435958915,1
roof_row_02,60,2.0468784327067606,2.9438750158770963,1.3194282457838842,0.9769380968002179,0.06415727650451367,-0.20339906384079576,-0.010228378198876427,1
roof_row_02,61,2.0582056811360885,2.9486998457080604,1.3127414808215963,0.9893830491943337,0.06524251118015138,-0.12949227410159794,-0.0098156838695476,1
roof_row_03,0,2.0164756259346848,3.240406803015086,1.312275956709344,-0.07531985656861519,0.9886345886566028,-0.0296175244033487,-0.12669400761871083,1
roof_row_03,1,2.0042469609332016,3.241883174662539,1.318952665822257,-0.07451503162978261,0.9761607355613161,-0.04047254962154123,-0.19979915199203055,1
roof_row_03,2,1.9538284698459512,3.2319583641996092,1.3426786693442303,-0.07383673297284046,0.9763241721375571,-0.035660794082804335,-0.20016881757455365,1
roof_row_03,3,1.902968961819428,3.2247180387445598,1.364840290593212,-0.07359400886459729,0.976342498355688,-0.03571055651464758,-0.20015994583638672,1
roof_row_03,4,1.8521094527419395,3.2174777127586864,1.3870016734265216,-0.07359400886459729,0.976342498355688,-0.03571055651464758,-0.20015994583638672,1
roof_row_03,5,1.801249944715416,3.210237387303637,1.409163294675503,-0.07359402902759642,0.9763424968358564,-0.035710552381031734,-0.20015994657386552,1
roof_row_03,6,1.7503904361634102,3.2029970615831753,1.4313247967166487,-0.07360449134903707,0.9763417081582854,-0.0357084074979042,-0.2001603292307812,1
roof_row_03,7,1.7005414384484299,3.194132059994884,1.4532921017599905,-0.07295427173043051,0.9761562186411912,-0.0327535058194064,-0.20180168210634822,1
roof_row_03,8,1.649682706034565,3.1868921262880607,1.475629673774757,-0.0729706839471682,0.9761549919146391,-0.032750112899829195,-0.2018022327662951,1
roof_row_03,9,1.5988239741461823,3.1796521928466497,1.4979673649973595,-0.07297071819684123,0.9761549893543666,-0.03275010581933421,-0.20180223391537547,1
roof_row_03,10,1.5479652427832828,3.1724122596706503,1.5203051754277979,-0.0729707010720119,0.9761549906345025,-0.03275010935958022,-0.2018022333408356,1
roof_row_03,11,1.4971064513660464,3.1651723175235618,1.5426427477214506,-0.07286879374798501,0.9761626031831481,-0.03277117657874734,-0.20179881325235305,1
roof_row_03,12,1.4172949018971637,3.1539771230614173,1.5750797914361332,-0.07368763623016976,0.9859367821997896,-0.029204036116752808,-0.14712551800019602,1
roof_row_03,13,1.3664074902068506,3.1467227039596497,1.5909113573911078,-0.07277388924409874,0.9860046487070703,-0.029340371915055535,-0.1470983900259307,1
roof_row_03,14,1.3155200785165375,3.139468284857882,1.6067429233460828,-0.0727738510861357,0.9860046515233883,-0.029340377607701012,-0.14709838889047064,1
roof_row_03,15,1.2646326657752587,3.13221386522529,1.6225742508853858,-0.0727738510861357,0.9860046515233883,-0.029340377607701012,-0.14709838889047064,1
roof_row_03,16,1.2137452540849454,3.1249594461235226,1.6384058168403608,-0.07277388924409874,0.9860046487070703,-0.029340371915055535,-0.1470983900259307,1
roof_row_03,17,1.1628578423946323,3.117705027021755,1.6542373827953354,-0.07285598516279987,0.9859985860302353,-0.029328124188974833,-0.14710083243778968,1
roof_row_03,18,1.1144717226461043,3.1198513894126285,1.6688720648532347,-0.07518805002074691,0.9842730972272351,-0.0456178688970083,-0.15320651828848109,1
roof_row_03,19,1.0635879956413996,3.1125988313803474,1.6855395161535247,-0.07528385059894646,0.9842657743872902,-0.04560295683619696,-0.15321095762568446,1
roof_row_03,20,1.012704268636695,3.105346273348066,1.7022069674538145,-0.07528388600795485,0.9842657716789495,-0.04560295132442539,-0.1532109592662529,1
roof_row_03,21,0.9618205416319903,3.098093715315785,1.7188744187541043,-0.07528381236500707,0.9842657773117011,-0.04560296278769764,-0.1532109558542312,1
roof_row_03,22,0.9109367840746342,3.0908411525325463,1.7355416317781656,-0.0753088052025231,0.9842638653583627,-0.04559907238044933,-0.15321211377311475,1
roof_row_03,23,0.8596886871242622,3.083845786076272,1.75237558114962,-0.07474300540190362,0.9843816761915527,-0.046198071601975796,-0.15255142379558076,1
roof_row_03,24,0.7558636081614767,3.0689888941684647,1.7784499124235726,-0.0755530770295757,0.994821800408076,-0.03932233703987031,-0.05545332987224555,1
roof_row_03,25,0.7049328683098457,3.061712590779273,1.784452315477434,-0.07278550461805587,0.99502811635315,-0.03947643855874027,-0.05534373300487819,1
roof_row_03,26,0.6540021137073718,3.054436285280015,1.790454718601017,-0.07278550461805587,0.99502811635315,-0.03947643855874027,-0.05534373300487819,1
roof_row_03,27,0.6030713738557409,3.0471599818908235,1.7964571216548784,-0.0727855049714695,0.9950281164102002,-0.039476442015721466,-0.055343729048526975,1
roof_row_03,28,0.5521406303163993,3.039883677974115,1.80245952472617,-0.0727855049714695,0.9950281164102002,-0.039476442015721466,-0.055343729048526975,1
roof_row_03,29,0.5012098867770576,3.0326073740574073,1.8084619277974618,-0.07278550517714312,0.9950281162634935,-0.03947644571355373,-0.05534372877803345,1
roof_row_03,30,0.4502791395500052,3.0253310696131823,1.814464330886184,-0.0727855043418486,0.9950281163733542,-0.039476438574103,-0.05534373299392003,1
roof_row_03,31,0.3993483996983742,3.0180547662239907,1.8204667339400455,-0.07278550517714312,0.9950281162634935,-0.03947644571355373,-0.05534372877803345,1
roof_row_03,32,0.3484176598467433,3.010778462834799,1.8264691369939068,-0.07274293683507163,0.9950312291879974,-0.03947881333624486,-0.055342039886451776,1
roof_row_03,33,0.29572448551497915,3.0050648180999864,1.83238213022713,-0.07292958938252976,0.9950525585806881,-0.04248755058955936,-0.052406952777485395,1
roof_row_03,34,0.24479251291795096,2.9977878867325893,1.8381015338088487,-0.07287354251164292,0.9950566643257125,-0.04249050506229779,-0.05240456623559751,1
roof_row_03,35,0.1938605245191145,2.990510952724302,1.8438206990446169,-0.07161225222148501,0.9951482320483599,-0.042556893583117233,-0.05235066753486067,1
roof_row_03,36,0.08986623500847479,2.9756797219792057,1.8468498982062478,-0.07172816608596819,0.9958385159115647,-0.03587735849109367,0.043284357043829685,1
roof_row_03,37,0.03889048965433062,2.9683806871072393,1.8426426269468101,-0.06936052586235288,0.9960062233917525,-0.03577435587370747,0.04336952707624919,1
roof_row_03,38,-0.012085255699813557,2.961081652235273,1.8384353556873725,-0.06936052586235288,0.9960062233917525,-0.03577435587370747,0.04336952707624919,1
roof_row_03,39,-0.06306100105395773,2.9537826173633066,1.8342280844279348,-0.06936052586235288,0.9960062233917525,-0.03577435587370747,0.04336952707624919,1
roof_row_03,40,-0.1140367464081018,2.9464835824913402,1.8300208131684972,-0.06936056933795345,0.9960062203641695,-0.0357743577667842,0.043369525514701066,1
roof_row_03,41,-0.1650124912367632,2.939184547884786,1.8258136611168954,-0.06936056933795345,0.9960062203641695,-0.0357743577667842,0.043369525514701066,1
roof_row_03,42,-0.21598823659090738,2.931885513012819,1.821606389857458,-0.06936052586235288,0.9960062233917525,-0.03577435587370747,0.04336952707624919,1
roof_row_03,43,-0.26696398194505155,2.924586478140853,1.81739911859802,-0.06936052586235288,0.9960062233917525,-0.03577435587370747,0.04336952707624919,1
roof_row_03,44,-0.31793972729919573,2.9172874432688864,1.8131918473385824,-0.06936052586235288,0.9960062233917525,-0.03577435587370747,0.04336952707624919,1
roof_row_03,45,-0.3689154726533399,2.90998840839692,1.8089845760791448,-0.06936052586235288,0.9960062233917525,-0.03577435587370747,0.04336952707624919,1
roof_row_03,46,-0.4198912180074841,2.9026893735249537,1.8047773048197073,-0.06972820008902145,0.995980550861988,-0.03579036343881595,0.04335631790078173,1
roof_row_03,47,-0.4639116400851221,2.8877705838745267,1.8025240312832886,-0.07025313944946462,0.9967919932227578,-0.021320006074918546,0.031869671875641034,1
roof_row_03,48,-0.5148824865897305,2.8804739806021704,1.7994013123570765,-0.07027002421973909,0.9967908030533096,-0.021320545916093354,0.03186931072890257,1
roof_row_03,49,-0.565853452152047,2.8731773599184596,1.796278355572965,-0.07010615152817579,0.9968023419281342,-0.021315306334587964,0.031872815381736586,1
roof_row_03,50,-0.6774077916879419,2.856693158685209,1.7817901826546256,-0.06949777120928352,0.9872889433033876,-0.012664881073833028,0.1423734631706632,1
roof_row_03,51,-0.7287681031138581,2.849182922604273,1.7666704988247934,-0.06731517585898898,0.9873509631361812,-0.012056587793484253,0.14304328500110308,1
roof_row_03,52,-0.7797917929959873,2.8418596717997833,1.7515868238258807,-0.06730321355523537,0.9873517786240169,-0.012054854744694145,0.1430434310627829,1
roof_row_03,53,-0.8308147074756184,2.8345368931822947,1.73650314435759,-0.0673031331765598,0.987352005877588,-0.01205559076834169,0.14304183823395195,1
roof_row_03,54,-0.8818385148390072,2.8272136257626865,1.7214195891242856,-0.06730322395966165,0.9873519996893275,-0.01205560392047151,0.14304183712548754,1
roof_row_03,55,-0.9328622036701707,2.8198903754890208,1.7063361525410443,-0.06730323989882035,0.9873519986028286,-0.012055606229644474,0.1430418369308698,1
roof_row_03,56,-0.9838858925013342,2.8125671252153555,1.6912527159578032,-0.06730321720298704,0.9873520001498989,-0.01205560294160364,0.14304183720798683,1
roof_row_03,57,-1.0349095818579808,2.8052438746762776,1.6761691601667263,-0.06730319450716804,0.9873520016969675,-0.012055599653564876,0.14304183748510355,1
roof_row_03,58,-1.085933271214627,2.7979206241372,1.6610856043756492,-0.06730319450716804,0.9873520016969675,-0.012055599653564876,0.14304183748510355,1
roof_row_03,59,-1.1369569605712733,2.790597373598122,1.6460020485845723,-0.06730321720298704,0.9873520001498989,-0.01205560294160364,0.14304183720798683,1
roof_row_03,60,-1.1879806494024368,2.783274123324457,1.6309186120013315,-0.06730321720298704,0.9873520001498989,-0.01205560294160364,0.14304183720798683,1
roof_row_03,61,-1.239004338759083,2.775950872785379,1.6158350562102546,-0.06730319450716804,0.9873520016969675,-0.012055599653564876,0.14304183748510355,1
roof_row_04,0,-1.2771933695968731,3.0447953001141417,1.6036520766969005,0.9874465842721432,0.06743340854489355,0.14238562435473137,0.011327515102963474,1
roof_row_04,1,-1.226169982918337,3.052118397775863,1.6186669687745006,0.9874465842721432,0.06743340854489355,0.14238562435473137,0.011327515102963474,1
roof_row_04,2,-1.1751465951888354,3.059441495968408,1.633682099267772,0.9874465842721432,0.06743340854489355,0.14238562435473137,0.011327515102963474,1
roof_row_04,3,-1.1241232085102997,3.066764593630129,1.648696991345372,0.9874465842721432,0.06743340854489355,0.14238562435473137,0.011327515102963474,1
roof_row_04,4,-1.073099820780798,3.0740876918226743,1.6637121218386437,0.9874465842721432,0.06743340854489355,0.14238562435473137,0.011327515102963474,1
roof_row_04,5,-1.0220764341022623,3.0814107894843956,1.6787270139162433,0.9874465992225784,0.06743318962106223,0.1423856268661174,0.011327483535072177,1
roof_row_04,6,-0.9714350163877304,3.089121498599798,1.6936288804969852,0.987351127363864,0.06731601992977057,0.14304168087414432,0.012057457726289111,1
roof_row_04,7,-0.9204113270310842,3.096444749138876,1.7087124362880621,0.9873520043305252,0.06730315587231378,0.14304183795683625,0.01205559405637103,1
roof_row_04,8,-0.8694120969603779,3.1037636462831117,1.7237888377360306,0.9873447506754445,0.06731295917374248,0.14308756141266998,0.012052327986491786,1
roof_row_04,9,-0.8180279195436365,3.111277828645311,1.7389306999843592,0.9874423180413604,0.0672834772680642,0.14240150772881155,0.01234555889313072,1
roof_row_04,10,-0.7670045591392421,3.118600913036428,1.7539396316701643,0.9874419611500002,0.0672887147478597,0.14240144224488027,0.012346314203055417,1
roof_row_04,11,-0.7159811987348478,3.1259239974275452,1.7689485633559692,0.9872887682210771,0.06950025839294073,0.1423734312647716,0.012665239741824744,1
roof_row_04,12,-0.6044268591989527,3.142408198660796,1.7834367362743082,0.9968023419281342,0.07010615152817579,0.031872815381736586,0.021315306334587964,1
roof_row_04,13,-0.5534558936366362,3.1497048193445067,1.7865596930584202,0.9967908030533096,0.07027002421973909,0.03186931072890257,0.021320545916093354,1
roof_row_04,14,-0.5024850471320276,3.157001422616863,1.789682411984632,0.9967908029931003,0.0702700250738158,0.031869310710634556,0.02132054594339982,1
roof_row_04,15,-0.45151402256634,3.1642980517408392,1.7928053684898575,0.9967908047756614,0.07026999978791451,0.03186931125147945,0.021320545134961136,1
roof_row_04,16,-0.40054305752950614,3.1715946721591384,1.7959282060661335,0.9967908029931003,0.0702700250738158,0.031869310710634556,0.02132054594339982,1
roof_row_04,17,-0.3495720924926723,3.178891292577437,1.7990510436424092,0.9967908029931003,0.0702700250738158,0.031869310710634556,0.02132054594339982,1
roof_row_04,18,-0.29860112745583844,3.1861879129957362,1.802173881218685,0.9967908029931003,0.0702700250738158,0.031869310710634556,0.02132054594339982,1
roof_row_04,19,-0.2476301624190046,3.193484533414035,1.805296718794961,0.9967908029931003,0.0702700250738158,0.031869310710634556,0.02132054594339982,1
roof_row_04,20,-0.19665919738217075,3.200781153832334,1.8084195563712366,0.9967908029931003,0.0702700250738158,0.031869310710634556,0.02132054594339982,1
roof_row_04,21,-0.145688232345337,3.208077774250633,1.8115423939475124,0.9967908048358717,0.07026999893382373,0.03186931126974775,0.02132054510765421,1
roof_row_04,22,-0.09471726678302039,3.215374394934344,1.814665350731624,0.9967964778432011,0.07018948008706792,0.03187103339355459,0.02131797070366964,1
roof_row_04,23,-0.050695620463152125,3.2302937926555613,1.817208776466585,0.9959879641905318,0.06962222899766683,0.043360125691326294,0.035785750195134414,1
roof_row_04,24,0.0002801248909920506,3.2375928275275276,1.8214160477260226,0.9960062233917525,0.06936052586235288,0.04336952707624919,0.03577435587370747,1
roof_row_04,25,0.051255870245136226,3.244891862399494,1.8256233189854603,0.9958385190763838,0.07172812214716554,0.04328435862682542,0.03587735658128317,1
roof_row_04,26,0.1552501581710629,3.2597231081609728,1.8225942390081247,0.9951482289181945,0.07161229571931367,-0.05235066939501814,0.0425568912948748,1
roof_row_04,27,0.20618214551893377,3.267000041638436,1.8168748353566846,0.9950566580001791,0.0728736288840095,-0.052404569923835,0.042490500513504996,1
roof_row_04,28,0.25711411811596185,3.2742769730058328,1.8111554317749659,0.9950566616165519,0.07287358587307818,-0.052404561416742136,0.04249050008226369,1
roof_row_04,29,0.3080461059893156,3.281553906748708,1.8054361473313618,0.9950566647793179,0.07287354268689206,-0.05240455957262335,0.042490502356659895,1
roof_row_04,30,0.3589780938626693,3.2888308404915834,1.7997168628877573,0.9950566616375904,0.07287358558580737,-0.052404561404475226,0.042490500097392775,1
roof_row_04,31,0.4099100885859617,3.2961077750240797,1.7939974592014565,0.9950566616586288,0.07287358529853659,-0.0524045613922083,0.04249050011252185,1
roof_row_04,32,0.4608420838347368,3.303384709821988,1.7882781747229917,0.9950566648003561,0.07287354239962429,-0.05240455956035657,0.042490502371788835,1
roof_row_04,33,0.5117740753958012,3.31066164409238,1.782558890261957,0.9950566616375904,0.07287358558580737,-0.052404561404475226,0.042490500097392775,1
roof_row_04,34,0.5627060664313829,3.3179385780973596,1.7768394865930863,0.9950541342352228,0.07290808793864607,-0.05240603468011672,0.04248868300651783,1
roof_row_04,35,0.6153994950781753,3.323652353952354,1.7709858588970013,0.9950326670480152,0.07272326672473196,-0.05534126369528346,0.03947990016206145,1
roof_row_04,36,0.666330249680649,3.3309286594516117,1.7649834557734183,0.99502811635315,0.07278550461805587,-0.05534373300487819,0.03947643855874027,1
roof_row_04,37,0.71726098953228,3.3382049628408033,1.758981052719557,0.9948029176564184,0.07580129971233904,-0.05546313974088949,0.03930849926262517,1
roof_row_04,38,0.8191883404185375,3.352094682347562,1.732834746406038,0.9850047632918303,0.07479975194916116,-0.14890848780917856,0.04468641470439293,1
roof_row_04,39,0.8700741754364174,3.359348337141929,1.7166655842781298,0.984983111810948,0.07508473271087587,-0.1489212179742011,0.04464328838737243,1
roof_row_04,40,0.9209601289865226,3.3666020090822384,1.7004965408002854,0.9849831144729105,0.07508469779047908,-0.14892121639147202,0.04464329366704467,1
roof_row_04,41,0.9718460530349422,3.373855676802415,1.684327497461884,0.9849831169289469,0.07508466557146626,-0.1489212149311801,0.04464329853829015,1
roof_row_04,42,1.022731948107159,3.381109340567871,1.6681585734707616,0.9849831142669832,0.07508470049189432,-0.1489212165139108,0.04464329325861326,1
roof_row_04,43,1.0736178716300957,3.3883630080226355,1.6519894109245243,0.9849897286680275,0.07499788360382924,-0.14891728167620977,0.04465641153967162,1
roof_row_04,44,1.121571650752458,3.3992313657140025,1.6365403901100748,0.9852899610267731,0.07609091991717278,-0.14412545644044103,0.051397640138949374,1
roof_row_04,45,1.1724597171943782,3.4064861155192183,1.6208573571186287,0.9852951905320071,0.0760231734964899,-0.14412192211783798,0.05140754974785569,1
roof_row_04,46,1.2233477836362985,3.4137408653244345,1.6051743241271823,0.9852951905320071,0.0760231734964899,-0.14412192211783798,0.05140754974785569,1
roof_row_04,47,1.2742358500782185,3.4209956151296503,1.589491291135736,0.9852951905320071,0.0760231734964899,-0.14412192211783798,0.05140754974785569,1
roof_row_04,48,1.3251239165201387,3.4282503649348666,1.5738082581442898,0.9852951905320071,0.0760231734964899,-0.14412192211783798,0.05140754974785569,1
roof_row_04,49,1.376011982962059,3.4355051147400824,1.5581252251528437,0.9851416022798538,0.07798819687275733,-0.14422416798764656,0.05111999583616486,1
roof_row_04,50,1.4531049295178184,3.446201244065011,1.5273299336997819,0.9765306824918644,0.07719915321687099,-0.1936538252352268,0.05409540522388181,1
roof_row_04,51,1.5039672000075823,3.4534429647913507,1.5057949880441148,0.9765237813692751,0.07728639935771761,-0.19365865752297848,0.054078103341088646,1
roof_row_04,52,1.5548294694463807,3.4606846849868664,1.4842598039727761,0.9765011653015102,0.0775716267086164,-0.19367444481424295,0.054021535709997535,1
roof_row_04,53,1.6104399050649585,3.462753069241911,1.4605971903765163,0.9755312176257483,0.07537490684916141,-0.20170250375496285,0.04442484478402023,1
roof_row_04,54,1.661298205006454,3.4699927845145946,1.4381615103128058,0.9755308267024518,0.07537996615895859,-0.2017027341488726,0.04442379871166272,1
roof_row_04,55,1.7121565059989154,3.4772325003181024,1.415726068664767,0.9755308267024518,0.07537996615895859,-0.2017027341488726,0.04442379871166272,1
roof_row_04,56,1.763014805940411,3.484472215590786,1.3932903886010566,0.975530822310239,0.0753800230008168,-0.20170273673734124,0.04442378695892463,1
roof_row_04,57,1.8138731058819064,3.4917119308634694,1.3708547085373464,0.975530824506345,0.07537999457989968,-0.20170273544310754,0.04442379283529122,1
roof_row_04,58,1.8647314063488851,3.498951646401565,1.3484191476814718,0.975533399044393,0.07534666876370927,-0.20170121773400088,0.04443068331374488,1
roof_row_04,59,1.9177181133126626,3.5060450711148547,1.3252316089071237,0.9747235015677065,0.07526334631872433,-0.20572265636953946,0.04390572683326808,1
roof_row_04,60,1.9639344207769103,3.510615737790156,1.303980585442779,0.9769276023219189,0.07373464569973325,-0.19641566742882421,0.03995681961281468,1
roof_row_04,61,1.9779070257327445,3.5096396361951228,1.3004607162801143,0.988737844247743,0.0739513336209914,-0.1266534329110172,0.029792340288352644,1
roof_row_05,0,1.8584051996820796,3.995130084438485,1.1443323752724959,-0.0974266942606963,0.8677013532020141,-0.48651837680612237,-0.030037808288256675,1
roof_row_05,1,1.8074816820664732,3.9878574288728847,1.1519731708229362,-0.13896352691729888,0.862024789254856,-0.4845158025656459,-0.053355767832486786,1
roof_row_05,2,1.7950894459363829,3.986463373410495,1.1597718507537156,-0.13938866086902707,0.849440662272061,-0.49036785471379996,-0.13623776849070515,1
roof_row_05,3,1.7401815820042894,3.968484786394879,1.1970657563703864,-0.14139101620662115,0.8682836862908336,-0.4598014992083342,-0.12113877159286605,1
roof_row_05,4,1.6893058444405415,3.9612362636878213,1.2155456436076657,-0.14025511186878312,0.8684678940164771,-0.45995956487562195,-0.12053721141908307,1
roof_row_05,5,1.6384301063513114,3.953987740715352,1.2340254116371092,-0.14025474908539573,0.8684679526048916,-0.45995961522735274,-0.12053701928107355,1
roof_row_05,6,1.5875543682620812,3.9467392177428824,1.2525051796665525,-0.14025511186878312,0.8684678940164771,-0.45995956487562195,-0.12053721141908307,1
roof_row_05,7,1.5366786306983335,3.9394906950358246,1.270985066903832,-0.14025511186878312,0.8684678940164771,-0.45995956487562195,-0.12053721141908307,1
roof_row_05,8,1.4858028926091031,3.932242172063355,1.2894648349332756,-0.14025474908539573,0.8684679526048916,-0.45995961522735274,-0.12053701928107355,1
roof_row_05,9,1.4349271545198725,3.924993649090885,1.3079446029627189,-0.13426310592765794,0.8694143993110525,-0.46077981442622545,-0.11736261446727167,1
roof_row_05,10,1.325947382484551,3.9542278481347384,1.237565895179178,-0.12116345232555556,0.7772030852269497,-0.6173056136784473,-0.014441656945759733,1
roof_row_05,11,1.2750001692716624,3.9469432243423346,1.2398312517854808,-0.08186743080706155,0.7823189513483535,-0.6172495653535968,0.016666019472552248,1
roof_row_05,12,1.2304457979596735,3.940158053992697,1.246602450245648,-0.07437049891934121,0.7843241043440147,-0.6158234358831493,0.008137816200934725,1
roof_row_05,13,1.1729346700379981,3.930504143104849,1.2547011423464662,-0.06791742151947668,0.7917093629697995,-0.6064325019661412,0.02869022480194245,1
roof_row_05,14,1.1219851221048929,3.9232183400865854,1.2564368585378753,-0.06658582470573408,0.791822467165562,-0.6063833929646302,0.02971008543916636,1
roof_row_05,15,1.071035573120822,3.9159325365374977,1.2581723363136126,-0.06658582470573408,0.791822467165562,-0.6063833929646302,0.02971008543916636,1
roof_row_05,16,1.0200860251877166,3.9086467335192348,1.2599080525050215,-0.066586708175963,0.7918223928724101,-0.6063834261130687,0.029709408871201954,1
roof_row_05,17,0.9691364772546114,3.9013609305009718,1.2616437686964306,-0.06954866702642523,0.7915677320828253,-0.6064903333345397,0.027440554146349622,1
roof_row_05,18,0.9242828494000715,3.892718636920974,1.2714588645594647,-0.07712765062653851,0.7990415175139751,-0.5962436187672111,0.00880487803294123,1
roof_row_05,19,0.8733489325538937,3.885440718207419,1.276733861259235,-0.08721767989312547,0.7980032076747534,-0.5963072554452065,0.001270416573323845,1
roof_row_05,20,0.8224149862060302,3.8781627952737314,1.2820088580984483,-0.08721767956283508,0.7980031991652881,-0.5963072668794748,0.0012704174002953464,1
roof_row_05,21,0.7714810398581665,3.870884872340044,1.2872838549376617,-0.08721766886098846,0.7980032003349452,-0.5963072668624375,0.0012704253972418648,1
roof_row_05,22,0.7205470640086173,3.8636069451862243,1.292558851916318,-0.08721766886098846,0.7980032003349452,-0.5963072668624375,0.0012704253972418648,1
roof_row_05,23,0.669613102909911,3.8563290201424705,1.297833848825253,-0.08766057915086808,0.7979546681167384,-0.5963078801473648,0.0009394507951432802,1
roof_row_05,24,0.6200967984187127,3.849199809500538,1.3032484177929389,-0.08945187183062644,0.797776948644803,-0.596269720388292,-0.0035669854292816033,1
roof_row_05,25,0.5691668152623578,3.8419238883047377,1.309422480130493,-0.09230094176626975,0.79745233921036,-0.5962531752799459,-0.005696824164992654,1
roof_row_05,26,0.5182368257815473,3.8346479665847286,1.31559678091858,-0.09042694039551678,0.797667014244491,-0.5962649149752246,-0.004295812678958311,1
roof_row_05,27,0.4650756949950143,3.826639297598973,1.3228406628454799,-0.08735628049145852,0.7997774944092834,-0.5938975856656911,0.003239974624797239,1
roof_row_05,28,0.41413887135191524,3.819359923397008,1.3274641888876575,-0.08353515652429253,0.8001856186712895,-0.593875346545452,0.006076681794112975,1
roof_row_05,29,0.3632020503455612,3.8120805491917356,1.3320874764967332,-0.08509080994437962,0.8000216876853412,-0.5938860389866603,0.004921990739828662,1
roof_row_05,30,0.31472290914323586,3.8050155392484237,1.3373167263042414,-0.08807644245014036,0.7999030878410222,-0.5936244951731204,-0.002747558585874506,1
roof_row_05,31,0.2637927541353336,3.79773953392361,1.34345347662402,-0.08781889134187415,0.7999314045440141,-0.5936253490411901,-0.002556427869152409,1
roof_row_05,32,0.2105344862292905,3.790002919799493,1.3490788951834465,-0.08930385477554008,0.8004918524506326,-0.5926507762332955,0.0016349655825865278,1
roof_row_05,33,0.16199637548023715,3.783022287178551,1.3548156972067205,-0.09019661912045612,0.8002731803865026,-0.592796929176584,-0.004382626167456109,1
roof_row_05,34,0.10881789737706421,3.7751789298372533,1.3617475514486108,-0.0883611338549861,0.8016117806701498,-0.5912750749848714,0.002156111390342694,1
roof_row_05,35,0.05788120327947921,3.7678996190638134,1.3663992105139149,-0.07387666325216954,0.8030761953339376,-0.5911398141816935,0.012828998555057194,1
roof_row_05,36,-0.0054808466891079766,3.758881297743223,1.36846005515714,-0.0587497194929136,0.8044042145747278,-0.5889101762576677,0.051644305921194254,1
roof_row_05,37,-0.05645112702181343,3.751585023156861,1.3654925453910391,-0.04031107845803322,0.8055387556906441,-0.5875728939758932,0.06511854036073775,1
roof_row_05,38,-0.10742140840548453,3.7442887480396747,1.3625247972092664,-0.04031107845803322,0.8055387556906441,-0.5875728939758932,0.06511854036073775,1
roof_row_05,39,-0.15839168873818998,3.7369924734533124,1.3595572874431652,-0.0403119639102048,0.80553871138002,-0.5875729655541607,0.06511789449765884,1
roof_row_05,40,-0.20936196907089555,3.72969619886695,1.3565897776770643,-0.0403119639102048,0.80553871138002,-0.5875729655541607,0.06511789449765884,1
roof_row_05,41,-0.260332249403601,3.722399924280588,1.3536222679109633,-0.04031107845803322,0.8055387556906441,-0.5875728939758932,0.06511854036073775,1
roof_row_05,42,-0.3113025307872722,3.7151036491634017,1.3506545197291904,-0.07125176321400994,0.8033933384121227,-0.5896420759126992,0.04248002291998053,1
roof_row_05,43,-0.34126370208459045,3.6986095516713995,1.3867219621663343,-0.08919599304900078,0.835115248478681,-0.5426705300333619,-0.011631526800189926,1
roof_row_05,44,-0.39219226433537124,3.6913343481498564,1.3932183624921561,-0.09337391771497335,0.8346584420636767,-0.5426055294478046,-0.014346985574021223,1
roof_row_05,45,-0.4431208276371176,3.684059144097489,1.399714524402306,-0.09337391771497335,0.8346584420636767,-0.5426055294478046,-0.014346985574021223,1
roof_row_05,46,-0.4940493898878985,3.676783940575946,1.4062109247281278,-0.09337475771528847,0.8346583480917313,-0.5426055150087217,-0.014347531652287911,1
roof_row_05,47,-0.5449780111420505,3.6695087286141375,1.4127073253328355,-0.0933743508753059,0.8346583936055647,-0.5426055220021169,-0.014347267168485422,1
roof_row_05,48,-0.5959064559115715,3.662233541707713,1.4192036058930493,-0.09121675820700849,0.8348969436043054,-0.5426407919527809,-0.012944786257490907,1
roof_row_05,49,-0.6513772210519403,3.6540770183112583,1.4261006043572935,-0.06706183026270227,0.8382427018844275,-0.5410124920538151,0.012544604458968274,1
roof_row_05,50,-0.7017373334142508,3.6451087907921034,1.4285032601042709,-0.061593456269115714,0.8426177981824764,-0.5347629133326305,0.015169668913249666,1
roof_row_05,51,-0.7526750558817351,3.6378289606072283,1.4329216294347231,-0.08271003779678764,0.8408076815281327,-0.5349751639887752,0.0017510699938037778,1
roof_row_05,52,-0.8036127794001856,3.630549129891529,1.437339760349503,-0.08271003779678764,0.8408076815281327,-0.5349751639887752,0.0017510699938037778,1
roof_row_05,53,-0.8545505018676699,3.623269299706654,1.4417581296799553,-0.08271000237466529,0.8408076850125971,-0.5349751639150043,0.0017510925316041367,1
roof_row_05,54,-0.9054889872241726,3.615989720138585,1.446175548129381,-0.0827095980274553,0.8408069341163652,-0.5349764019253633,0.0017525178935705445,1
roof_row_05,55,-0.9564267107426226,3.608709889422886,1.450593679044161,-0.04601531087359532,0.8436111481181546,-0.5343925595684701,0.025048237739100244,1
roof_row_05,56,-1.0558110359060429,3.4556974475174,1.573659549908028,-0.05708931987075576,0.969627708690725,-0.20272635570748984,0.12435811512494675,1
roof_row_05,57,-1.106821467856355,3.448380893059621,1.5615834886088151,-0.043497800466408436,0.9703324302828982,-0.2009640142403805,0.12718640287491956,1
roof_row_05,58,-1.1623062309615042,3.435327720974936,1.5497343558134082,-0.045410643800377244,0.9711732499125276,-0.19087850229181316,0.13537277956372415,1
roof_row_05,59,-1.2102479562032133,3.4252529197191786,1.5390871594512259,-0.045869490085561744,0.9730199124115753,-0.1852509666761158,0.12965461532635777,1
roof_row_05,60,-1.2612600865140338,3.417935507449566,1.526625818426392,-0.044866785618766815,0.9730666635017245,-0.18511726148939361,0.12984544438881415,1
roof_row_05,61,-1.3157338550619948,3.4043432346216,1.5146469467327834,-0.046272034418606584,0.9741868244665789,-0.17389958528909757,0.13630063867336084,1
front_row_00,0,2.7912857725752014,2.144474062660047,0.5592071276789912,0.7085746154599544,0.2804260817558694,-0.23914088482331755,-0.6017431879155335,1
front_row_00,1,2.8646989746776317,2.2137324883457485,0.5435040136775305,0.6838552997737587,0.2927859117458664,-0.2672750374380768,-0.6125213410298119,1
front_row_00,2,2.919326855527556,2.271749598426961,0.5431340341804942,0.6823885831599459,0.29618825553771955,-0.26422102952005594,-0.6138449204920132,1
front_row_00,3,3.0235146492490883,2.440535938536218,0.5223656170789263,0.5766823565397704,0.42924808435115325,-0.42060998108909287,-0.5534173701148486,1
front_row_00,4,3.0386381124893957,2.4929021136686194,0.5221823595318722,0.5752515220657503,0.4311637097720948,-0.41876703268838955,-0.5548132244908766,1
front_row_00,5,3.0537618117431893,2.5452683225620816,0.5219991008692737,0.5752515380781631,0.4311636884085963,-0.41876705329285685,-0.5548132089388464,1
front_row_00,6,3.068885510996982,2.597634531455544,0.5218158422066753,0.5752515389798123,0.4311636872056309,-0.41876705445308166,-0.5548132080631212,1
front_row_00,7,3.084009210250775,2.650000740349006,0.5216325835440768,0.5752616058395275,0.431150255839337,-0.4187800083837545,-0.5548034303379035,1
front_row_00,8,3.0969391094743033,2.6941906655966257,0.5103007156119341,-0.5704654105960519,-0.4140998776333294,0.4186779463561799,0.5725375829519939,1
front_row_00,9,3.1138824726984855,2.7468171722722587,0.5101088561024085,-0.570478393077161,-0.4140819923331137,0.4186958962133709,0.5725244563786088,1
front_row_00,10,3.1395292647237167,2.8977680095947798,0.5102447418452741,-0.48736804725180904,-0.5098327839927652,0.5133777124812889,0.48886219245470813,1
front_row_00,11,3.1371844300956493,2.947635364038526,0.5101440502447125,-0.4873897382961975,-0.50981204783667,0.5133985112815954,0.4888403497032406,1
front_row_00,12,3.1348469825147256,2.997385718254511,0.510205444964661,-0.4876388356384894,-0.5098577268692907,0.513148696690076,0.4888065869176627,1
front_row_00,13,3.132522912852958,3.047256073173587,0.5101046551491157,-0.4876388356384894,-0.5098577268692907,0.513148696690076,0.4888065869176627,1
front_row_00,14,3.1301988453013863,3.0971264133416927,0.5100038653571111,-0.4876388356384894,-0.5098577268692907,0.513148696690076,0.4888065869176627,1
front_row_00,15,3.1278745417363294,3.146996719748737,0.5099030766806507,-0.4876388356384894,-0.5098577268692907,0.513148696690076,0.4888065869176627,1
front_row_00,16,3.12555047312966,3.1968670672923283,0.5098022868768757,-0.4876388356384894,-0.5098577268692907,0.513148696690076,0.4888065869176627,1
front_row_00,17,3.110949089159932,3.2989355948733206,0.509639399569937,-0.43647353669773226,-0.5541540525165854,0.5573186437758555,0.437949845463907,1
front_row_00,18,3.0991976979030382,3.3474573905866882,0.5095831690696194,-0.43647353669773226,-0.5541540525165854,0.5573186437758555,0.437949845463907,1
front_row_00,19,3.0874465437147274,3.3959792126856323,0.5095269374655277,-0.43647353669773226,-0.5541540525165854,0.5573186437758555,0.437949845463907,1
front_row_00,20,3.0756951535129313,3.4445010010235153,0.5094707069769804,-0.43647353669773226,-0.5541540525165854,0.5573186437758555,0.437949845463907,1
front_row_00,21,3.0639437612009393,3.4930228041123685,0.5094144764648925,-0.43647353669773226,-0.5541540525165854,0.5573186437758555,0.437949845463907,1
front_row_00,22,3.0522389275272994,3.5414326636475577,0.5091964315683872,-0.43646398810523573,-0.5539009437861644,0.5573870496982031,0.438192433057443,1
front_row_00,23,3.040508308622391,3.5899574082078596,0.5091401029354777,-0.43648755413171414,-0.5538823733682495,0.5574056926491924,0.43816871791850115,1
front_row_00,24,2.9735679891658706,3.727662053973468,0.508543562812779,-0.32978277954064183,-0.6224633285282437,0.6269478472763804,0.33274482678397976,1
front_row_00,25,2.9425491639679286,3.7734277053057643,0.5085784019946714,-0.3298022947016951,-0.6224529889505774,0.6269582791054077,0.3327251706997445,1
front_row_00,26,2.917743217678046,3.8122552967578303,0.519777785408379,0.3460017781190365,0.6296434112392243,-0.6094249017358249,-0.33531065203148336,1
front_row_00,27,2.888544056450493,3.8582812458722975,0.5198040237433443,0.34601647924100887,0.6296353324521728,-0.6094327305635979,-0.3352964227952565,1
front_row_00,28,2.8593448952229408,3.9043071949867647,0.5198302620783097,0.3460164805577016,0.6296353317285835,-0.6094327312647694,-0.3352964215208115,1
front_row_00,29,2.8301457339953884,3.950333144101231,0.519856500413275,0.34601650394088707,0.629635318878339,-0.6094327437168952,-0.3352963988879027,1
front_row_00,30,2.800946808781321,3.9963591269767598,0.519882737632696,0.3439204732869559,0.6307826597430988,-0.6083142039200632,-0.3373214691219609,1
front_row_00,31,2.653605729841539,4.129228595086865,0.5401697536267162,0.19698535410731605,0.7164850154066369,-0.6461530044452038,-0.17416167147625555,1
front_row_00,32,2.584902403899421,4.169603525005819,0.5403827129844436,0.19341443897293223,0.7174572195133442,-0.6452775736181224,-0.1773776929336818,1
front_row_00,33,2.495008842158451,4.215549974988457,0.5559019748156879,0.17763420052801532,0.7401940946169534,-0.6306629547286094,-0.1510729314931745,1
front_row_01,0,2.44184294974745,4.208247960951501,0.7461549088278101,0.7404925369745681,-0.17638596766184847,-0.15213602571122828,0.6304073467035055,1
front_row_01,1,2.5189318432571897,4.169072502534569,0.7459023142735418,0.7404925296478957,-0.17638599842022268,-0.15213599952554194,0.6304073530228891,1
front_row_01,2,2.5960204923126615,4.1298970693604575,0.7456497207406557,0.7404925296478957,-0.17638599842022268,-0.15213599952554194,0.6304073530228891,1
front_row_01,3,2.6731093858224018,4.090721610943526,0.7453971261863874,0.7382895924626034,-0.18539062695951394,-0.14444762546541867,0.6322133157363609,1
front_row_01,4,2.8198698127128927,3.95699315349294,0.6987128001704898,0.622420492445649,-0.3298636197396244,-0.3326633985664482,0.6269910575201283,1
front_row_01,5,2.805385955041213,3.863205714445078,0.8771021666545971,0.7852783780770348,-0.44514559711379154,-0.21699746883987342,0.37161184697476446,1
front_row_01,6,2.83234322417347,3.8168590690098796,0.8770865248753984,0.7824921268123622,-0.4500253383774723,-0.21467997671208836,0.3729554583241875,1
front_row_01,7,2.859300257292242,3.7705123898136206,0.8770708842117441,0.782491847933987,-0.45002582328344953,-0.2146797455936026,0.3729555913601158,1
front_row_01,8,2.8862572819702303,3.7241657696212425,0.8770552434539276,0.7796951957457713,-0.4548539715513714,-0.21237032800033614,0.37427544680347025,1
front_row_01,9,2.8760326588873117,3.600676716351443,0.9329269288034211,0.777333246291765,-0.5570905277751074,-0.19700820825579463,0.21584933160100309,1
front_row_01,10,2.8862825334068765,3.551940125390973,0.9329902564086543,0.7433418028424521,-0.6016974290074496,-0.18401706706231913,0.227026181535391,1
front_row_01,11,2.891818376396381,3.5068123851305497,0.9357940496869426,0.7505540460476802,-0.5967931797357825,-0.17398549623182166,0.2241329330626752,1
front_row_01,12,2.903548763508196,3.458287577307246,0.9358503794824775,0.7534090322600098,-0.5931848830901919,-0.1750589631056631,0.223295508281472,1
front_row_01,13,2.915279148509815,3.4097627842349123,0.9359067092544718,0.7534096291445012,-0.5931841249814717,-0.17505918779388807,0.22329533213046582,1
front_row_01,14,2.9270097695249193,3.36123802492364,0.935963037910922,0.7534096291445012,-0.5931841249814717,-0.17505918779388807,0.22329533213046582,1
front_row_01,15,2.9387401534714406,3.312713239226792,0.936019367671146,0.7534090340286979,-0.5931848808437665,-0.17505896377145905,0.22329550775950202,1
front_row_01,16,2.950470539528158,3.2641884387789735,0.9360756974549107,0.7414149695748679,-0.6081096268831689,-0.17056561874107914,0.2267463214382621,1
front_row_01,17,2.9615755632429495,3.1865606316018784,0.936199580739546,0.7067048313690604,-0.6481842177978623,-0.19913536018844444,0.20191733318370642,1
front_row_01,18,2.9639206370497955,3.136693288792738,0.936300271259874,0.6936219290576934,-0.6621654766090441,-0.1950640644251028,0.20585313183763013,1
front_row_01,19,2.9662657087464464,3.0868259607345676,0.9364009617566614,0.6936212647359778,-0.6621661724889464,-0.19506385790165262,0.20585332753668398,1
front_row_01,20,2.96861054548471,3.036958591539851,0.9365016533807635,0.6936212647359778,-0.6621661724889464,-0.19506385790165262,0.20585332753668398,1
front_row_01,21,2.9709556182364585,2.987091256106196,0.9366023438893212,0.6936219310320598,-0.6621654745408847,-0.19506406503889132,0.2058531312560113,1
front_row_01,22,2.973300693098403,2.9372239059215706,0.9367030344214194,0.6967912522650431,-0.6588296059297212,-0.19604957623762675,0.20491477441719141,1
front_row_01,23,2.980640648872984,2.8923455327886276,0.934042878498995,0.7006088773794291,-0.6510001215611689,-0.19750445633359057,0.2152627055317573,1
front_row_01,24,2.984466236327179,2.842689965741169,0.934136571221395,-0.6612446773079772,0.6909482137377517,0.18454684800641583,-0.22646965261459664,1
front_row_01,25,3.0289285166111717,2.7268464142673694,0.8786468277336411,-0.5603487910405132,0.708014644659748,0.33919696061550053,-0.2639505962031011,1
front_row_01,26,3.0160469370253757,2.6748009944595807,0.8788194886307665,-0.5559616998680744,0.7114647517291599,0.33755894689875626,-0.2660422009670059,1
front_row_01,27,3.0031653658803634,2.6227555156479108,0.878992149622054,-0.5559612589771773,0.7114650962554284,0.3375587820338039,-0.266042410150376,1
front_row_01,28,2.9902835587218655,2.5707100030751797,0.8791648117288858,-0.5515216091617359,0.7149121759355364,0.3358961248234638,-0.2681385624175419,1
front_row_01,29,3.030561589232738,2.484187599759847,0.7010631949099607,-0.4141560802312401,0.5704246089975037,0.5725788300532084,-0.4186215355574036,1
front_row_01,30,2.9271601832129255,2.314822088392203,0.7482312171395711,-0.28784514304555736,0.7055933294952939,0.6042191760862918,-0.23281411951690298,1
front_row_01,31,2.864146751676945,2.255605388801205,0.7486408320214726,-0.27923109171265675,0.70904638101053,0.6013391632533343,-0.24015502854324774,1
front_row_01,32,2.8011335477136665,2.19638878197515,0.7490504456936675,-0.27923109171265675,0.70904638101053,0.6013391632533343,-0.24015502854324774,1
front_row_01,33,2.7381201161776856,2.1371720823841525,0.7494600605755689,-0.2792310622604839,0.7090463926091534,0.6013391532778405,-0.24015505352150757,1
front_row_02,0,1.559393871438063,2.0164399349795,1.1138151572638268,0.9339584244512129,0.10523176402361932,-0.04330833423763303,-0.3387806449941416,1
front_row_02,1,2.1578933218648726,2.182115711966522,1.1315131445466264,0.9510807793815984,0.12492917531095275,-0.05356040069999568,-0.2774334798179062,1
front_row_02,2,2.43460965621316,2.2719019469147455,1.1300934389331752,0.9425534802582815,0.17819900281983883,-0.037879076702887246,-0.28000576386059167,1
front_row_02,3,2.6311821938766307,2.3864058284856453,1.116703172015811,0.8695874053029593,0.37568475638938253,-0.17390247639789372,-0.2691405526073638,1
front_row_02,4,2.6168025339439973,2.539477542049031,1.1511119044136957,0.732424692398985,0.6501199147856023,-0.15837401877370477,-0.12576102949991977,1
front_row_02,5,2.6142993300470128,2.589322272322625,1.151011961296311,0.6750531853002523,0.7095104161691848,-0.14721657788439482,-0.1386558529576786,1
front_row_02,6,2.6117962441567704,2.6391670194767496,1.150912017621154,0.6750535823812812,0.7095100383721046,-0.1472166554838293,-0.1386557705671458,1
front_row_02,7,2.6092931624869196,2.6890117371289337,1.1508120739930783,0.6750532031884335,0.7095103991497389,-0.14721658138018712,-0.13865584924605315,1
front_row_02,8,2.606789844803584,2.7388564210200563,1.1507121314805469,0.6750531942443403,0.7095104076594644,-0.14721657963229043,-0.13865585110186646,1
front_row_02,9,2.604286876920084,2.7887011850547117,1.1506121872476176,0.6750535734370834,0.7095100468819386,-0.1472166537359124,-0.1386557724229827,1
front_row_02,10,2.6017836730230997,2.8385459153283055,1.150512244130233,0.6750531942443403,0.7095104076594644,-0.14721657963229043,-0.13865585110186646,1
front_row_02,11,2.5992804733465062,2.8883906160999584,1.1504123010599292,0.6750528061071124,0.709510776946693,-0.14721650378069093,-0.1386559316365632,1
front_row_02,12,2.5967772694495217,2.9382353463735527,1.1503123579425445,0.6744897011495553,0.7100461088406653,-0.14710645434932137,-0.13877268265831172,1
front_row_02,13,2.5951704298993943,2.9886760052929544,1.1497354198154448,0.6732079152515309,0.7106614622544403,-0.14914043637695706,-0.13967290054394738,1
front_row_02,14,2.5924135136160857,3.0384844276747436,1.1496366759317753,0.6729367752662284,0.7109182144137405,-0.14908714549185034,-0.1397297819298393,1
front_row_02,15,2.5896568344013597,3.0882928764421087,1.1495379309443317,0.6729367731530332,0.7109182164140364,-0.1490871450765054,-0.13972978237299893,1
front_row_02,16,2.586899917062953,3.138101306199383,1.149439187048892,0.6586630170664761,0.7241627172395844,-0.14627833412371502,-0.14266757821964798,1
front_row_02,17,2.5771405314644196,3.2063226556415074,1.1493303151747725,0.6238197224528044,0.7543496189477186,-0.1629850434522345,-0.12345639668810685,1
front_row_02,18,2.565821988939263,3.254906369141192,1.1492720387661197,0.608691804912625,0.7666085574528064,-0.16049717113045972,-0.12667385022749528,1
front_row_02,19,2.554503212510817,3.303490034128845,1.1492137634965518,0.6086918026338909,0.7666085592621351,-0.1604971707539233,-0.126673850704571,1
front_row_02,20,2.5431846710407577,3.3520737402530445,1.1491554870996692,0.6083993255989508,0.7668406968454424,-0.1604488376981938,-0.12673506520942274,1
front_row_02,21,2.530584705808411,3.4009433692340263,1.1495739396903282,0.6076054438330798,0.768023843638566,-0.15927168019084384,-0.12485003851114718,1
front_row_02,22,2.5190124477316362,3.4494907969683615,1.1495168624800798,0.606995938583531,0.7685056475498725,-0.1591725799126165,-0.12497635788824656,1
front_row_02,23,2.5074401938752535,3.498038195200756,1.1494597853169124,0.6069955181730124,0.7685059796064223,-0.15917251154437148,-0.12497644496346623,1
front_row_02,24,2.4958679357984783,3.546585622935092,1.149402708106664,0.6069951074503184,0.7685063040107915,-0.15917244475156817,-0.12497653003207597,1
front_row_02,25,2.484295441708219,3.595133016908366,1.14934563201196,0.6069955181730124,0.7685059796064223,-0.15917251154437148,-0.12497644496346623,1
front_row_02,26,2.4727233058585782,3.6436804320212914,1.1492885542910203,0.6069955084852202,0.7685059872582122,-0.1591725099689175,-0.12497644696999603,1
front_row_02,27,2.4611509339954525,3.6922278133731554,1.1492314776856252,0.6069950977624041,0.7685063116626695,-0.15917244317609386,-0.1249765320386294,1
front_row_02,28,2.4495785579119356,3.7407752242269603,1.149174401033149,0.6069955278607984,0.768505971954637,-0.15917251311982453,-0.12497644295693755,1
front_row_02,29,2.4380062998351604,3.7893226519612955,1.1491173238229007,0.5400967156725365,0.8169091366196671,-0.148078329559516,-0.13794132282210703,1
front_row_02,30,2.408907738155195,3.9401781600255763,1.1142235654546253,0.24902831334478717,0.9135992734753937,-0.29242844855037353,-0.13344238133480954,1
front_row_02,31,2.188110076093023,3.9950176342266612,1.1273435826467695,0.042985068927670116,0.9578462644470049,-0.28403675873991696,0.0024366408688849804,1
front_row_02,32,1.8973180606390576,4.003623405517544,1.1286062692364562,-0.010930650314270115,0.9587479874031056,-0.28372454923313317,-0.013535054364763108,1
front_row_02,33,1.2763807038371788,3.994796052656045,1.1106579734794493,-0.02802097370376654,0.9389118970177734,-0.34297448973532807,0.005270110242681873,1
front_row_03,0,1.5452655415244534,3.909268308903357,1.1881201214219126,-0.5706868295144657,0.5965184229622157,0.22117554411273294,-0.5191952353131092,1
front_row_03,1,1.3668033743539452,3.523354152394207,1.1961443998349028,-0.14025566203890472,0.8220243071072534,0.5397382996059199,-0.11526905798772911,1
front_row_03,2,0.6038873537669696,3.887689042121697,1.170747647662531,0.8026057223016329,0.016545444846442943,0.05066215711708153,0.5941242703507,1
front_row_03,3,1.6642183000543596,3.94850067683465,1.2385842564419616,0.8797046524766493,-0.0052634355393973405,-0.04283082259529003,0.47355838213790613,1
front_row_03,4,1.8188523918798687,3.707759785669394,1.3410940819512502,0.8914415611283203,-0.40332924049465824,-0.1554407097613688,0.13599872280277853,1
front_row_03,5,1.8333181837251793,3.6596262095419956,1.3411374826819478,0.7850844719153368,-0.5839391279083047,-0.12290842163268365,0.1659848991531084,1
front_row_03,6,1.847783958688923,3.61149275142236,1.3411808832243213,0.7850844837616953,-0.5839391119813155,-0.1229084250000151,0.16598489665966834,1
front_row_03,7,1.8622497420934505,3.5633592342988427,1.3412242838608568,0.7850841817762417,-0.583939517989341,-0.12290833916055784,0.16598496022199838,1
front_row_03,8,1.8767154032708437,3.515225729796736,1.3412676850080834,0.7850841699299581,-0.5839395339162127,-0.12290833579324863,0.16598496271541932,1
front_row_03,9,1.8911811866753712,3.467092212673219,1.3413110856446189,0.7850841580836811,-0.5839395498430747,-0.12290833242594136,0.16598496520883874,1
front_row_03,10,1.905646852073156,3.4189586786691715,1.3413544868389267,0.7850841699299581,-0.5839395339162127,-0.12290833579324863,0.16598496271541932,1
front_row_03,11,1.9201126312572918,3.3708251910475955,1.3413978874283812,0.7817821515797774,-0.5883529558149503,-0.1219713269956089,0.1666747198768768,1
front_row_03,12,1.9329952177581586,3.317505926289161,1.3421853294609494,0.7754632439500846,-0.5977604114681739,-0.12502853716422677,0.16033437765614922,1
front_row_03,13,1.9453286172142974,3.2690673927282994,1.3422388090171333,0.7729815036327954,-0.6009661781479649,-0.12436358323932756,0.16085069762884452,1
front_row_03,14,1.9576620166704362,3.2206288591674377,1.342292288573317,0.7729818311176447,-0.6009657569264674,-0.12436367089180414,0.16085062985927703,1
front_row_03,15,1.969995534133317,3.1721903424871063,1.342345767571729,0.7729818289143626,-0.600965759760401,-0.12436367030208774,0.16085063031522356,1
front_row_03,16,1.982328934117005,3.123751805238502,1.342399247133798,0.7579806118069539,-0.6197791093292387,-0.12037346210707403,0.16385810136873882,1
front_row_03,17,1.9927083997044406,3.05119589055373,1.3425150363768248,0.720681895605025,-0.6628309945919445,-0.14396268343837604,0.14334372582231536,1
front_row_03,18,1.9944504585292187,3.001242291920861,1.3426185771070782,0.7041766005732291,-0.6803400894036231,-0.14039684181098197,0.14683802220441172,1
front_row_03,19,1.996192516826448,2.951288696975734,1.3427221178314463,0.7041765980789685,-0.6803400919852729,-0.14039684127264493,0.14683802271913413,1
front_row_03,20,1.9979345751236774,2.9013351020306075,1.3428256585558145,0.7041762273406116,-0.6803404757126701,-0.14039676125606682,0.14683809922567165,1
front_row_03,21,1.9996765154141638,2.85138149020495,1.342929199837955,0.701353167025146,-0.6832503619818993,-0.13978755857648797,0.14741816856353276,1
front_row_03,22,2.002260157651288,2.7965866749699773,1.3423142929810146,0.6929405702202737,-0.6908474319131253,-0.14648703352586998,0.1452747086406729,1
front_row_03,23,2.0018698320001285,2.746328063587505,1.3424279126250311,-0.6890377597714742,0.6947400763215453,0.14566631958922166,-0.14609762249664593,1
front_row_03,24,2.001479628576103,2.6960694395836233,1.3425415317583567,-0.6890377738655417,0.6947400623431593,0.14566632255307804,-0.14609761954153933,1
front_row_03,25,2.0010893071453353,2.645810798699211,1.3426551514494542,-0.6890377597714742,0.6947400763215453,0.14566631958922166,-0.14609762249664593,1
front_row_03,26,2.000699099500918,2.5955522041972703,1.3427687705356985,-0.6890377456773982,0.694740090299939,0.1456663166253636,-0.14609762545175423,1
front_row_03,27,2.0003087780701505,2.5452935633128577,1.3428823902267961,-0.6890373863909969,0.6947404466371756,0.14566624107064774,-0.1460977007833788,1
front_row_03,28,1.9999184481985997,2.4950349814323265,1.3429960098237317,-0.6890374004851788,0.6947404326586912,0.14566624403452813,-0.1460976978282514,1
front_row_03,29,1.9995281352086152,2.444776281544033,1.3431096296089913,-0.5252580418474647,0.8255548422199008,0.11120729220721995,-0.17377033728971045,1
front_row_03,30,1.918638803753915,2.170016784289463,1.2414224716935789,-0.12972019990762132,0.8708407316815534,0.46133018821649163,-0.10946938942188295,1
front_row_03,31,0.8838165630141326,1.9308908184734177,1.1738704280183025,-0.09736062319918065,0.7977977786295015,0.5940424813322684,-0.03395797162230712,1
front_row_03,32,1.5139728207566259,2.4945899597924575,1.197786166273203,0.832748351559481,-0.022614911518818146,-0.03745180808859378,0.5519203844965852,1
front_row_03,33,1.7934800099391337,2.1741666659419208,1.1908891045804342,0.6709734774125801,-0.4812799610495904,-0.48173950203931776,0.29341309424748707,1
front_row_04,0,0.6053008828880898,1.9419737456001753,1.366646578594143,0.8023841983708253,0.07044953432938111,-0.04876791670776036,-0.5906252209460466,1
front_row_04,1,1.4466930415699146,2.2284549046763473,1.5059281001161287,0.9403550920995395,0.1421795583678049,-0.11419774943565932,-0.28718660826827025,1
front_row_04,2,1.5468562471946887,2.4246816814259233,1.5363911343860956,0.85893228697,0.4710988784230016,-0.1699221563076884,-0.10690011199629847,1
front_row_04,3,1.5501935510075922,2.475361879801525,1.5362635854504902,0.7152794264681771,0.669383424445422,-0.1381053254161559,-0.14569863499969152,1
front_row_04,4,1.5535306188070106,2.526042044416066,1.5361360376304292,0.7152790911440975,0.6693837827606807,-0.13810525242919885,-0.14569870418278563,1
front_row_04,5,1.5568678088335632,2.5767221964091966,1.536008489299677,0.7152790724810134,0.6693838027033711,-0.13810524836697444,-0.14569870803329704,1
front_row_04,6,1.5602048766329815,2.627402361023737,1.535880941479616,0.7148121761359979,0.6698823625821502,-0.13800362754338796,-0.1457949653929843,1
front_row_04,7,1.5664985687312698,2.6843526528059973,1.5344874430221576,0.7013364302753106,0.6823225187598916,-0.14749216332370402,-0.14425412895281567,1
front_row_04,8,1.5649918672338394,2.74107001682194,1.5348379726920056,0.6817808224627374,0.702449207478876,-0.15025886781235903,-0.13842793676884874,1
front_row_04,9,1.5624322582241033,2.790906663450927,1.5347382962132607,0.6743551679969915,0.7095809230534718,-0.14879465386306673,-0.14000061434187547,1
front_row_04,10,1.5598728852278523,2.8407433438409755,1.5346386186189713,0.6743551724068265,0.7095809188625545,-0.14879465473312908,-0.14000061341716083,1
front_row_04,11,1.557313276218116,2.8905799904699623,1.5345389421402265,0.6743551724068265,0.7095809188625545,-0.14879465473312908,-0.14000061341716083,1
front_row_04,12,1.5547539032218651,2.94041667086001,1.5344392645459373,0.6750225011612203,0.7089461205844334,-0.14892631200803985,-0.13986055421746463,1
front_row_04,13,1.5518833958244582,2.9884403376093234,1.534600344493871,0.6607647621248491,0.7225768133414538,-0.14293093248935462,-0.14437252679483298,1
front_row_04,14,1.5415039302370224,3.060996252294095,1.534484555250844,0.6219468808582381,0.7562029024189854,-0.16420209283074563,-0.11990379674478333,1
front_row_04,15,1.530794933930981,3.1078978303822042,1.5341719876910234,0.6064439661583558,0.7683937824225996,-0.16060714386441793,-0.1264992347175574,1
front_row_04,16,1.519278849173864,3.156453278498145,1.5341146450047605,0.6071666605491004,0.7678228540967243,-0.16072609279559144,-0.12634806741330257,1
front_row_04,17,1.5077630004302325,3.2050087603751467,1.5340573012029535,0.6071666605491004,0.7678228540967243,-0.16072609279559144,-0.12634806741330257,1
front_row_04,18,1.4962469156731157,3.2535642084910874,1.5339999585166906,0.6071666653208916,0.7678228503233638,-0.16072609358080717,-0.12634806641443758,1
front_row_04,19,1.4847310669294842,3.3021196903680887,1.5339426147148834,0.5990575763936994,0.7741662025178402,-0.15938834963039916,-0.1280315002119054,1
front_row_04,20,1.4702755888042973,3.3569832678876637,1.533414017236053,0.5763600513827609,0.7906653048635408,-0.16479491141195107,-0.12449941376501464,1
front_row_04,21,1.4482664918242791,3.4098888801719576,1.5346322008066524,0.5621219528161098,0.8022411066927643,-0.16499780767626426,-0.11490796472219955,1
front_row_04,22,1.4308539620511014,3.457600873565346,1.5346027282990804,0.5615624600114122,0.8026328467059888,-0.1649176489142744,-0.11502298018726459,1
front_row_04,23,1.4134413184915724,3.505312820576264,1.5345732563963617,0.5615615887273262,0.8026334562996172,-0.1649175240530349,-0.11502315921060588,1
front_row_04,24,1.3960285527049092,3.553024780208591,1.534543785004334,0.5615620355585695,0.8026331436744586,-0.1649175880871595,-0.11502306739991643,1
front_row_04,25,1.3786160229317315,3.6007367736019793,1.534514312496762,0.34498377120687757,0.9168195464262905,-0.13124282712135524,-0.15232674493917944,1
front_row_04,26,1.2274675318330246,3.760914090286976,1.5034825063993045,0.007760557786194683,0.9505578811039251,-0.30194943366022614,-0.07215280955258827,1
front_row_04,27,0.33956356777968133,3.7995659117041023,1.3636821174375249,-0.04381140300523302,0.8033403573137043,-0.5928459776497661,0.03547503435228732,1
rear_row_00,0,-1.7671021053490552,1.6147291939625112,0.4304914718487882,0.2674636176580741,0.4942871196626204,0.7186719694827283,0.4094558057284112,1
rear_row_00,1,-1.810734842600716,1.6821457841420633,0.4471014399281413,0.31313614997119393,0.49744261889433006,0.6875567545808363,0.42633590245138386,1
rear_row_00,2,-1.8336298391860497,1.7290734659594658,0.4470978810521753,0.30741634641213117,0.50099760225958,0.6826270529396955,0.43418532803819426,1
rear_row_00,3,-1.8765694073452721,1.855535518025772,0.45106857097732395,0.3955998927304126,0.44288510687478605,0.6158163007326208,0.5178067117488782,1
rear_row_00,4,-1.883607138332152,1.9047315970297365,0.4509900608135074,0.3885619079003118,0.449072529496822,0.6075686332407235,0.5274598211069677,1
rear_row_00,5,-1.8906448693190319,1.9539276760337012,0.45091155064969085,0.38856174676439137,0.4490726689203091,0.6075684439779151,0.5274600391142921,1
rear_row_00,6,-1.8976823642924265,2.003123788798727,0.4508330393703299,0.38856174676434313,0.44907266892035114,0.6075684439778583,0.5274600391143576,1
rear_row_00,7,-1.9047198089987045,2.05231951571617,0.4507534856344584,0.38856047648143066,0.4490717131137895,0.6075697646293962,0.5274602674190256,1
rear_row_00,8,-1.9117575357651924,2.101515565218194,0.45067497551772284,0.38856047648143066,0.4490717131137895,0.6075697646293962,0.5274602674190256,1
rear_row_00,9,-1.9187952667520722,2.1507116442221585,0.4505964653539063,0.38856047648143066,0.4490717131137895,0.6075697646293962,0.5274602674190256,1
rear_row_00,10,-1.9258329977389521,2.199907723226123,0.45051795519008975,0.38856047648143066,0.4490717131137895,0.6075697646293962,0.5274602674190256,1
rear_row_00,11,-1.93287072450544,2.249103772728147,0.4504394450733542,0.38856047648143066,0.4490717131137895,0.6075697646293962,0.5274602674190256,1
rear_row_00,12,-1.9399084554923198,2.2982998517321116,0.45036093490953766,0.38856047648143066,0.4490717131137895,0.6075697646293962,0.5274602674190256,1
rear_row_00,13,-1.9469461843690037,2.347495915985106,0.4502824247692616,0.38856047648143066,0.4490717131137895,0.6075697646293962,0.5274602674190256,1
rear_row_00,14,-1.9539839132456875,2.3966919802381,0.45020391462898557,0.38856047648143066,0.4490717131137895,0.6075697646293962,0.5274602674190256,1
rear_row_00,15,-1.9610216421223714,2.4458880444910944,0.4501254044887095,0.38856047648143066,0.4490717131137895,0.6075697646293962,0.5274602674190256,1
rear_row_00,16,-1.9680593717903792,2.495084114275703,0.4500468943396058,0.38856047648143066,0.4490717131137895,0.6075697646293962,0.5274602674190256,1
rear_row_00,17,-1.9750971011946117,2.54428018221644,0.44996838419344465,0.38856047648143066,0.4490717131137895,0.6075697646293962,0.5274602674190256,1
rear_row_00,18,-1.9821348308626194,2.593476252001048,0.4498898740443409,0.38856047648143066,0.4490717131137895,0.6075697646293962,0.5274602674190256,1
rear_row_00,19,-1.9891725597393033,2.642672316254042,0.4498113639040649,0.38856047648143066,0.4490717131137895,0.6075697646293962,0.5274602674190256,1
rear_row_00,20,-1.9962102886159871,2.6918683805070365,0.44973285376378885,0.38856047648143066,0.4490717131137895,0.6075697646293962,0.5274602674190256,1
rear_row_00,21,-2.003248017492671,2.7410644447600307,0.4496543436235128,0.38856047648143066,0.4490717131137895,0.6075697646293962,0.5274602674190256,1
rear_row_00,22,-2.010285748479551,2.7902605237639952,0.44957583345969626,0.38856047648143066,0.4490717131137895,0.6075697646293962,0.5274602674190256,1
rear_row_00,23,-2.0173234752460387,2.8394565732660193,0.4494973233429607,0.38856047648143066,0.4490717131137895,0.6075697646293962,0.5274602674190256,1
rear_row_00,24,-2.0243612062329186,2.888652652269984,0.44941881317914417,0.38856047648143066,0.4490717131137895,0.6075697646293962,0.5274602674190256,1
rear_row_00,25,-2.0313989372197985,2.9378487312739487,0.4493403030153276,0.38856047648143066,0.4490717131137895,0.6075697646293962,0.5274602674190256,1
rear_row_00,26,-2.0384366639862863,2.987044780775973,0.4492617928985921,0.38856047648143066,0.4490717131137895,0.6075697646293962,0.5274602674190256,1
rear_row_00,27,-2.045474571523585,3.0362404448160043,0.4491843275309374,0.38856124485224114,0.4490731055871565,0.6075693495978576,0.5274589939193564,1
rear_row_00,28,-2.05251253852395,3.0854364900589077,0.4491058184826652,0.3885612448521929,0.4490731055871985,0.6075693495978006,0.5274589939194219,1
rear_row_00,29,-2.05955026951083,3.1346325690628722,0.44902730831884863,0.38856108371606557,0.4490732450104475,0.607569160335289,0.5274592119270031,1
rear_row_00,30,-2.0665880004977097,3.1838286480668367,0.4489487981550321,0.3814263264694627,0.45514882471432105,0.5991702032384324,0.5369809795406154,1
rear_row_00,31,-2.060825187170094,3.317244470164296,0.4445633789488923,0.4513356069146206,0.3759513065449443,0.5259924388616338,0.6150518183848827,1
rear_row_00,32,-2.052005871690439,3.3687087945859995,0.44440991880109365,0.44699853688266916,0.3810977866461476,0.5189109852598514,0.6210379814591139,1
rear_row_00,33,-2.029017163669077,3.445602514562756,0.42756965028825084,0.45029323996319365,0.3354124233584291,0.5066789759749084,0.6542254348504757,1
rear_row_01,0,-2.0382351589971917,3.4228706866882024,0.7892441272945034,-0.5113143990823226,0.6003729845322514,-0.47171580531121077,0.3944541339047118,1
rear_row_01,1,-2.0395971272051976,3.325480801166962,0.8207988874115276,-0.5758184730815137,0.5885651939209099,-0.39609953782509794,0.4063609906199898,1
rear_row_01,2,-2.0394623270723238,3.2752973376476926,0.8209100249222877,0.5849312156243105,-0.5795095982167601,0.4023913943183173,-0.4001315587922005,1
rear_row_01,3,-2.036221504398488,3.1887627176960645,0.8184280387302417,0.6151390509501218,-0.5431036460519608,0.3708057509184356,-0.4349085797349425,1
rear_row_01,4,-2.0291837734116087,3.1395666386921,0.8185065488940583,0.6202609118531037,-0.5372467064449131,0.3749127285160106,-0.43137318372602845,1
rear_row_01,5,-2.022146042424729,3.0903705596881355,0.8185850590578748,0.6202609118531037,-0.5372467064449131,0.3749127285160106,-0.43137318372602845,1
rear_row_01,6,-2.015108311437849,3.0411744806841705,0.8186635692216914,0.6202609118531037,-0.5372467064449131,0.3749127285160106,-0.43137318372602845,1
rear_row_01,7,-2.008070584671361,2.9919784311821465,0.8187420793384269,0.6202609118531037,-0.5372467064449131,0.3749127285160106,-0.43137318372602845,1
rear_row_01,8,-2.001032857904873,2.9427823816801224,0.8188205894551625,0.6202609118531037,-0.5372467064449131,0.3749127285160106,-0.43137318372602845,1
rear_row_01,9,-1.993995126917993,2.893586302676158,0.818899099618979,0.6202609118531037,-0.5372467064449131,0.3749127285160106,-0.43137318372602845,1
rear_row_01,10,-1.986957395931113,2.8443902236721934,0.8189776097827955,0.6202609118531037,-0.5372467064449131,0.3749127285160106,-0.43137318372602845,1
rear_row_01,11,-1.9799196691646253,2.7951941741701694,0.8190561198995311,0.6202609118531037,-0.5372467064449131,0.3749127285160106,-0.43137318372602845,1
rear_row_01,12,-1.9728819381777454,2.745998095166205,0.8191346300633476,0.6202609118531037,-0.5372467064449131,0.3749127285160106,-0.43137318372602845,1
rear_row_01,13,-1.9658442093010615,2.6968020309132106,0.8192131402036237,0.6202609118531037,-0.5372467064449131,0.3749127285160106,-0.43137318372602845,1
rear_row_01,14,-1.9588064804243777,2.6476059666602163,0.8192916503438997,0.6202609118531037,-0.5372467064449131,0.3749127285160106,-0.43137318372602845,1
rear_row_01,15,-1.9517687515476938,2.598409902407222,0.8193701604841758,0.6202609118531037,-0.5372467064449131,0.3749127285160106,-0.43137318372602845,1
rear_row_01,16,-1.944731021879686,2.5492138326226135,0.8194486706332795,0.6202609118531037,-0.5372467064449131,0.3749127285160106,-0.43137318372602845,1
rear_row_01,17,-1.9376932924754535,2.5000177646818766,0.8195271807794406,0.6202609118531037,-0.5372467064449131,0.3749127285160106,-0.43137318372602845,1
rear_row_01,18,-1.9306555628074458,2.4508216948972685,0.8196056909285444,0.6202609118531037,-0.5372467064449131,0.3749127285160106,-0.43137318372602845,1
rear_row_01,19,-1.923617833930762,2.4016256306442743,0.8196842010688205,0.6202609118531037,-0.5372467064449131,0.3749127285160106,-0.43137318372602845,1
rear_row_01,20,-1.916580105054078,2.35242956639128,0.8197627112090965,0.6202609118531037,-0.5372467064449131,0.3749127285160106,-0.43137318372602845,1
rear_row_01,21,-1.9095423761773942,2.3032335021382857,0.8198412213493725,0.6202609118531037,-0.5372467064449131,0.3749127285160106,-0.43137318372602845,1
rear_row_01,22,-1.9025046451905143,2.254037423134321,0.8199197315131891,0.6202609118531037,-0.5372467064449131,0.3749127285160106,-0.43137318372602845,1
rear_row_01,23,-1.8954669184240265,2.204841373632297,0.8199982416299246,0.6202609118531037,-0.5372467064449131,0.3749127285160106,-0.43137318372602845,1
rear_row_01,24,-1.8884291874371466,2.155645294628332,0.8200767517937412,0.6202609118531037,-0.5372467064449131,0.3749127285160106,-0.43137318372602845,1
rear_row_01,25,-1.8813914564502667,2.1064492156243677,0.8201552619575577,0.6202609118531037,-0.5372467064449131,0.3749127285160106,-0.43137318372602845,1
rear_row_01,26,-1.8743537296837784,2.0572531661223437,0.8202337720742933,0.6202609118531037,-0.5372467064449131,0.3749127285160106,-0.43137318372602845,1
rear_row_01,27,-1.8673160029172906,2.0080571166203196,0.8203122821910287,0.6202609118531037,-0.5372467064449131,0.3749127285160106,-0.43137318372602845,1
rear_row_01,28,-1.8602782719304107,1.958861037616355,0.8203907923548452,0.6202609118531037,-0.5372467064449131,0.3749127285160106,-0.43137318372602845,1
rear_row_01,29,-1.8532405409435309,1.9096649586123906,0.8204693025186618,0.6202609118531037,-0.5372467064449131,0.3749127285160106,-0.43137318372602845,1
rear_row_01,30,-1.8462028099566514,1.8604688796084259,0.8205478126824785,0.625327009135029,-0.5313414664836442,0.3789860001506229,-0.42779900576214747,1
rear_row_01,31,-1.82505295947715,1.7765045865370344,0.8233018916482372,0.6571381013497327,-0.4963374896922094,0.34003884724616956,-0.45408390683220723,1
rear_row_01,32,-1.8111123145178314,1.7282960100561366,0.8233477742767861,0.6648020032975412,-0.48602436598494886,0.3470821033437531,-0.4487233285878736,1
rear_row_01,33,-1.782485552675885,1.6350959250111943,0.7920971694931521,0.6674756329600066,-0.4205171130245601,0.3244851206945169,-0.521872631497373,1
rear_row_02,0,-1.724949489213738,1.6907217683453784,1.0130539301878583,0.49465982532654124,0.6584018872447218,0.4532151508365441,0.34119589553907737,1
rear_row_02,1,-1.7388901426138403,1.7389304038301572,1.0130080474651473,0.49465954331096645,0.658402099123994,0.4532150046908993,0.3411960896662397,1
rear_row_02,2,-1.7528310235866442,1.7871389465499934,1.0129621659521426,0.49465927085302314,0.6584023038224053,0.45321486349816004,0.3411962772142287,1
rear_row_02,3,-1.7667719130002322,1.835347548273711,1.012916284344976,0.5010289284192141,0.6535682066981148,0.45650645720040506,0.33677955195474574,1
rear_row_02,4,-1.7838776724119483,1.9198903371294724,1.0101430905268054,0.5357268274091643,0.6215741216885253,0.4304541831238872,0.37596751704422127,1
rear_row_02,5,-1.7909154033988282,1.9690864161334372,1.0100645803629889,0.5372467064449131,0.6202609118531036,0.43137318372602845,0.3749127285160106,1
rear_row_02,6,-1.797953134385708,2.018282495137402,1.009986070199172,0.5372467064449131,0.6202609118531036,0.43137318372602845,0.3749127285160106,1
rear_row_02,7,-1.8049908611521959,2.067478544639426,1.0099075600824368,0.5372467064449131,0.6202609118531036,0.43137318372602845,0.3749127285160106,1
rear_row_02,8,-1.8120285879186842,2.11667459414145,1.0098290499657012,0.5372467064449131,0.6202609118531036,0.43137318372602845,0.3749127285160106,1
rear_row_02,9,-1.819066318905564,2.1658706731454145,1.0097505398018847,0.5372467064449131,0.6202609118531036,0.43137318372602845,0.3749127285160106,1
rear_row_02,10,-1.826104049892444,2.215066752149379,1.0096720296380681,0.5372467064449131,0.6202609118531036,0.43137318372602845,0.3749127285160106,1
rear_row_02,11,-1.8331417766589317,2.264262801651403,1.0095935195213326,0.5372467064449131,0.6202609118531036,0.43137318372602845,0.3749127285160106,1
rear_row_02,12,-1.8401795076458116,2.3134588806553675,1.009515009357516,0.5372467064449131,0.6202609118531036,0.43137318372602845,0.3749127285160106,1
rear_row_02,13,-1.8472172365224955,2.362654944908362,1.00943649921724,0.5372467064449131,0.6202609118531036,0.43137318372602845,0.3749127285160106,1
rear_row_02,14,-1.8542549653991793,2.4118510091613565,1.009357989076964,0.5372467064449131,0.6202609118531036,0.43137318372602845,0.3749127285160106,1
rear_row_02,15,-1.8612926942758632,2.461047073414351,1.009279478936688,0.5372467064449131,0.6202609118531036,0.43137318372602845,0.3749127285160106,1
rear_row_02,16,-1.868330423943871,2.510243143198959,1.009200968787584,0.5372467064449131,0.6202609118531036,0.43137318372602845,0.3749127285160106,1
rear_row_02,17,-1.8753681533481035,2.5594392111396957,1.009122458641423,0.5372467064449131,0.6202609118531036,0.43137318372602845,0.3749127285160106,1
rear_row_02,18,-1.8824058830161112,2.608635280924304,1.0090439484923193,0.5372467064449131,0.6202609118531036,0.43137318372602845,0.3749127285160106,1
rear_row_02,19,-1.889443611892795,2.657831345177298,1.0089654383520432,0.5372467064449131,0.6202609118531036,0.43137318372602845,0.3749127285160106,1
rear_row_02,20,-1.896481340769479,2.7070274094302924,1.0088869282117672,0.5372467064449131,0.6202609118531036,0.43137318372602845,0.3749127285160106,1
rear_row_02,21,-1.9035190696461628,2.7562234736832867,1.0088084180714911,0.5372467064449131,0.6202609118531036,0.43137318372602845,0.3749127285160106,1
rear_row_02,22,-1.9105568006330427,2.8054195526872516,1.0087299079076746,0.5372467064449131,0.6202609118531036,0.43137318372602845,0.3749127285160106,1
rear_row_02,23,-1.9175945273995305,2.8546156021892752,1.008651397790939,0.5372467064449131,0.6202609118531036,0.43137318372602845,0.3749127285160106,1
rear_row_02,24,-1.9246322583864104,2.90381168119324,1.0085728876271225,0.5372467064449131,0.6202609118531036,0.43137318372602845,0.3749127285160106,1
rear_row_02,25,-1.9316699893732903,2.9530077601972047,1.008494377463306,0.5372467064449131,0.6202609118531036,0.43137318372602845,0.3749127285160106,1
rear_row_02,26,-1.9387077161397785,3.0022038096992287,1.0084158673465704,0.5372467064449131,0.6202609118531036,0.43137318372602845,0.3749127285160106,1
rear_row_02,27,-1.9457454429062664,3.051399859201253,1.0083373572298349,0.5372467064449131,0.6202609118531036,0.43137318372602845,0.3749127285160106,1
rear_row_02,28,-1.9527831738931463,3.1005959382052173,1.0082588470660183,0.5372467064449131,0.6202609118531036,0.43137318372602845,0.3749127285160106,1
rear_row_02,29,-1.9598209048800261,3.149792017209182,1.0081803369022018,0.5387633664631698,0.6189439856045313,0.4322895996723544,0.37385569362571613,1
rear_row_02,30,-1.9671058186216461,3.23574814137644,1.0106814379466598,0.5753074899632564,0.5890646767794365,0.3972407672195303,0.40524544589884626,1
rear_row_02,31,-1.967240391181818,3.2859316976606516,1.0105702992261931,0.5810000888530568,0.5834507675801142,0.40115690637328055,0.40136920040273993,1
rear_row_02,32,-1.9673749553012065,3.336115194940982,1.0104591605998887,0.5809998474112323,0.5834510080077068,0.40115674027989695,0.40136936640820403,1
rear_row_02,33,-1.967509763874864,3.3862987174641326,1.0103480229949666,0.5809995974996158,0.5834512568693024,0.4011565683599484,0.401369538237004,1
rear_row_03,0,-1.9662771472813603,3.389791218107801,1.1233230539908223,0.5204982824477297,-0.5192952113042185,0.47990090199970603,-0.4786534714648365,1
rear_row_03,1,-1.965775472944462,3.3344169718650964,1.1269141176847595,0.5280624240369355,-0.5176389990686766,0.47195407778604054,-0.48006175792760497,1
rear_row_03,2,-1.9648398790565258,3.284348059626619,1.127021470153545,0.5282439877568288,-0.5174537142927366,0.47212246224872945,-0.4798961591882263,1
rear_row_03,3,-1.9639042767278063,3.2342790883842603,1.1271288227164926,0.5287412000349464,-0.5169456455200976,0.47258359434161396,-0.479442060443778,1
rear_row_03,4,-1.9583874802951549,3.150181069519148,1.1234748557191863,0.5548618748583762,-0.4819023395734928,0.44394165986526235,-0.5126541110518059,1
rear_row_03,5,-1.951349749308275,3.1009849905151836,1.1235533658830028,0.5555926149706599,-0.4810596753499743,0.44471919942971194,-0.5119797540927157,1
rear_row_03,6,-1.944312018321395,3.051788911511219,1.1236318760468194,0.5555926149706599,-0.4810596753499743,0.44471919942971194,-0.5119797540927157,1
rear_row_03,7,-1.9372742915549073,3.002592862009195,1.123710386163555,0.5555926149706599,-0.4810596753499743,0.44471919942971194,-0.5119797540927157,1
rear_row_03,8,-1.930236564788419,2.953396812507171,1.1237888962802904,0.5555914382270875,-0.48106103440885234,0.444717947051463,-0.5119808419390063,1
rear_row_03,9,-1.9234219435974231,2.9048993805448586,1.122369189859286,0.5536165562066112,-0.48055695156510814,0.4467005374374833,-0.5128668002994985,1
rear_row_03,10,-1.9165121319194864,2.8556850030457013,1.1224483046481395,0.5535957619387518,-0.48058090616156474,0.44667834521917715,-0.5128861285983858,1
rear_row_03,11,-1.9096020884484561,2.806470688809546,1.1225274182743676,0.5535957619387518,-0.48058090616156474,0.44667834521917715,-0.5128861285983858,1
rear_row_03,12,-1.9026922746603234,2.7572562965594183,1.1226065330867616,0.5535957619453203,-0.4805809061539981,0.4466783452261873,-0.5128861285922804,1
rear_row_03,13,-1.8957822290790975,2.708041967572292,1.1226856467365303,0.5535958023953895,-0.48058085955832924,0.4466783883953589,-0.5128860909957562,1
rear_row_03,14,-1.8888721834978717,2.6588276385851666,1.1227647603862987,0.5535957619387518,-0.48058090616156474,0.44667834521917715,-0.5128861285983858,1
rear_row_03,15,-1.8819623739301305,2.6096132758369794,1.1228438751516117,0.5535957214853979,-0.4805809527610096,0.4466783020465012,-0.5128861661979557,1
rear_row_03,16,-1.8750525638348412,2.5603989094010497,1.1229229899228097,0.5536176484819119,-0.48055569322709746,0.4467017031513816,-0.5128657849750138,1
rear_row_03,17,-1.8678093388129557,2.509766358784314,1.1230037924974021,0.5548171638462879,-0.4791745854382192,0.44531243188243047,-0.514068545412601,1
rear_row_03,18,-1.86064369009978,2.4605885893387702,1.1230816980185263,0.5548390266728993,-0.47914927017475234,0.44533588693740916,-0.5140482265092868,1
rear_row_03,19,-1.8534780419141526,2.411410823580969,1.1231596035337654,0.5548389863400549,-0.47914931687884993,0.4453358436669125,-0.514048263995854,1
rear_row_03,20,-1.8463126297420107,2.362233024062106,1.123237510164549,0.5548389460039285,-0.4791493635867399,0.44533580039289583,-0.5140483014854643,1
rear_row_03,21,-1.8391472175698689,2.313055224543243,1.1233154167953325,0.5548389863335058,-0.47914931688643353,0.4453358436598864,-0.5140482640019409,1
rear_row_03,22,-1.8319815651638507,2.263877429283501,1.1233933223576527,0.5548389863400549,-0.47914931687884993,0.4453358436669125,-0.514048263995854,1
rear_row_03,23,-1.8248161551019044,2.2146996445156084,1.1234712289648956,0.5548389863400549,-0.47914931687884993,0.4453358436669125,-0.514048263995854,1
rear_row_03,24,-1.8176505048060814,2.1655218640068368,1.1235491345036752,0.5548182529795512,-0.4791733243713038,0.445313600327826,-0.5140675332431929,1
rear_row_03,25,-1.8105951633338129,2.1170636464514163,1.1251235687826857,0.5555937917109078,-0.48105831628821766,0.44472045180530007,-0.5119786662433615,1
rear_row_03,26,-1.8035574365673246,2.0678675969493923,1.1252020788994213,0.5555926149706599,-0.4810596753499743,0.44471919942971194,-0.5119797540927157,1
rear_row_03,27,-1.7965197098008368,2.018671547447368,1.1252805890161568,0.5555926149706599,-0.4810596753499743,0.44471919942971194,-0.5119797540927157,1
rear_row_03,28,-1.7894819788139569,1.9694754684434035,1.1253590991799733,0.5555926149706599,-0.4810596753499743,0.44471919942971194,-0.5119797540927157,1
rear_row_03,29,-1.782444247827077,1.9202793894394388,1.12543760934379,0.5563220753369211,-0.48021590305880074,0.4454957146327661,-0.5113042178449955,1
rear_row_03,30,-1.7641627621607405,1.8380195056675894,1.1293570606327845,0.5873584016046468,-0.44944838917076824,0.40852108059816955,-0.5348988504784246,1
rear_row_03,31,-1.7510229025157003,1.7896963189020187,1.12940672839747,0.5877902093864139,-0.448883521877602,0.40903511920057667,-0.5345058697496279,1
rear_row_03,32,-1.737883051311444,1.7413731911403294,1.1294563960679933,0.5879476488996535,-0.44867728783295174,0.4092226074341778,-0.5343623406463155,1
rear_row_03,33,-1.7228376637489706,1.6880683067219044,1.1260387692926968,0.5885285405446152,-0.44095706864842393,0.40669119489708677,-0.5420270219893047,1
rear_row_04,0,-1.001843957205074,1.8744127975888012,1.5422031286601317,0.19898420221399615,0.9538764236153103,0.22149508745875213,0.03827508290996059,1
rear_row_04,1,-1.0934779687203013,1.9157089864185384,1.5430079353673523,0.20597167471777142,0.9528689429800737,0.2175983183163858,0.04761741891235083,1
rear_row_04,2,-1.1761394946343016,1.954087295537971,1.5432868695970057,0.2172550395495457,0.950359827156184,0.21814760629936733,0.04503408246927766,1
rear_row_04,3,-1.279079723135379,2.081604517320194,1.5599388075330138,0.37543633118586334,0.915811876111947,0.08898284340970274,0.11143707810571386,1
rear_row_04,4,-1.2933356863312295,2.1297680185252137,1.5598944152246335,0.5922396711947859,0.7930422454479189,0.11399190867782476,0.08568555043880564,1
rear_row_04,5,-1.3075917675338231,2.177931502849703,1.5598500234740253,0.592239241582677,0.7930425662797431,0.11399186225967231,0.08568561219123395,1
rear_row_04,6,-1.3218478529568083,2.2260950166761324,1.5598056316763362,0.5922392579417296,0.7930425540629046,0.11399186402721354,0.08568560983978532,1
rear_row_04,7,-1.3361039383797935,2.2742585305025624,1.559761239878647,0.592239241582677,0.7930425662797431,0.11399186225967231,0.08568561219123395,1
rear_row_04,8,-1.3503600195823866,2.322422014827052,1.5597168481280388,0.592239241582677,0.7930425662797431,0.11399186225967231,0.08568561219123395,1
rear_row_04,9,-1.3646161050053718,2.3705855286534816,1.5596724563303497,0.5922392497622048,0.793042560171323,0.11399186314344306,0.08568561101550945,1
rear_row_04,10,-1.378872190428357,2.418749042479911,1.5596280645326603,0.592239241582677,0.7930425662797431,0.11399186225967231,0.08568561219123395,1
rear_row_04,11,-1.39312827163095,2.4669125268044003,1.5595836727820522,0.5838684235077115,0.7992255596717394,0.11308465936721983,0.08687939119155076,1
rear_row_04,12,-1.3867225063014543,2.517787494687871,1.5652095797995154,0.5738805244603534,0.812669678035722,0.08297667271147588,0.0578274141922151,1
rear_row_04,13,-1.4041443575521968,2.565498147143855,1.5651801513677153,0.6104864146478188,0.7855426146836503,0.08553725906955963,0.05396772514468642,1
rear_row_04,14,-1.414556707376315,2.638283933574057,1.5650639952810546,0.6910371719482206,0.7156614171925249,0.06457251883342438,0.07827357625213861,1
rear_row_04,15,-1.4112103159891363,2.6889654243750316,1.564936403408762,0.7230787271985275,0.6832721210068249,0.06808852276538814,0.07523507157848346,1
rear_row_04,16,-1.4316205056600446,2.735986037835829,1.5591542685316024,0.7083081352915104,0.6913013864144704,0.10109557976943795,0.10090422375884835,1
rear_row_04,17,-1.4314398779904276,2.786214652515388,1.5590416400487395,0.7010006126239678,0.6987103566425269,0.10002908059041528,0.10196156951288426,1
rear_row_04,18,-1.4312592545412017,2.8364432966968876,1.5589290115187955,0.7010006054173931,0.6987103638727236,0.10002907953877252,0.1019615705445951,1
rear_row_04,19,-1.4310786310919763,2.886671940878387,1.5588163829888515,0.7010006126239678,0.6987103566425269,0.10002908059041528,0.10196156951288426,1
rear_row_04,20,-1.4308980034223593,2.936900555557946,1.5587037545059887,0.7010006126239678,0.6987103566425269,0.10002908059041528,0.10196156951288426,1
rear_row_04,21,-1.4307173799731334,2.9871291997394454,1.5585911259760448,0.7010005982108203,0.6987103711029181,0.10002907848713012,0.10196157157630566,1
rear_row_04,22,-1.430536756523908,3.0373578439209448,1.5584784974461008,0.7010006126239678,0.6987103566425269,0.10002908059041528,0.10196156951288426,1
rear_row_04,23,-1.4303561288542905,3.0875864586005037,1.558365868963238,0.7010002341139299,0.698710736393052,0.10002902535511364,0.10196162370127582,1
rear_row_04,24,-1.4301756191914161,3.137815056399532,1.5582532410381473,0.8532740988219334,0.501519026217673,0.12232189585174422,0.07375182991987096,1
rear_row_04,25,-1.3671088407373482,3.2890265047427074,1.5411564905480704,0.9096702280857802,0.34971974713469606,0.07512942006320772,0.21107284249607947,1
rear_row_04,26,-1.2985228948038499,3.3490403367506736,1.5407205365485561,0.9137528500447439,0.3389093602081521,0.07762679327065095,0.21016720858622143,1
rear_row_04,27,-1.2221419528694875,3.41436901633688,1.5397455707113672,0.9157336371816014,0.3321199569497353,0.06894155918523226,0.21534925434505284,1
